director,genre,actor,filmrank
이병헌,코미디,"류승룡(고반장), 이하늬(장형사), 진선규(마형사)",[국내] 15세 관람가
정세교,다큐멘터리,"김한민, 오타니 료헤이, 이해영",[국내] 12세 관람가
안소니 루소,액션,"로버트 다우니 주니어(토니 스타크 / 아이언맨), 크리스 에반스(스티브 로저스 / 캡틴 아메리카), 크리스 헴스워스(토르)",[국내] 12세 관람가
류승완,액션,"황정민(서도철), 유아인(조태오), 유해진(최상무)",[국내] 15세 관람가
김용화,판타지,"하정우(강림), 주지훈(해원맥), 김향기(덕춘)",[국내] 12세 관람가
안소니 루소,액션,"로버트 다우니 주니어(토니 스타크 / 아이언맨), 조슈 브롤린(타노스), 크리스 헴스워스(토르)",[국내] 12세 관람가
라이언 화이트,다큐멘터리,[국내] 15세 관람가,
장훈,드라마,"송강호(김만섭), 토마스 크레취만(위르겐 힌츠페터(피터)), 유해진(황태술)",[국내] 15세 관람가
최동훈,범죄,"김윤석(마카오박), 김혜수(팹시), 이정재(뽀빠이)",[국내] 15세 관람가
연상호,액션,"공유(석우), 정유미(성경), 마동석(상화)",[국내] 15세 관람가
이환경,코미디,"류승룡(용구), 박신혜(큰 예승), 갈소원(어린 예승)",[국내] 15세 관람가
추창민,드라마,"이병헌(광해 / 하선), 류승룡(허균), 한효주(중전)",[국내] 15세 관람가
조스 웨던,액션,"로버트 다우니 주니어(토니 스타크 / 아이언맨), 크리스 헴스워스(토르), 마크 러팔로(브루스 배너 / 헐크)",[국내] 12세 관람가
크리스 벅,애니메이션,"크리스틴 벨(안나 목소리), 이디나 멘젤(엘사 목소리)",[국내] 전체 관람가
제임스 카메론,SF,"샘 워싱턴(제이크 설리), 조 샐다나(네이티리), 시고니 위버(그레이스 박사)",[국내] 12세 관람가 [해외] PG-13
크리스토퍼 놀란,SF,"매튜 맥커너히(쿠퍼), 앤 해서웨이(브랜드), 마이클 케인(브랜드 교수)",[국내] 12세 관람가
이상근,액션,"조정석(용남), 윤아(의주)",[국내] 12세 관람가
이일형,범죄,"황정민(변재욱), 강동원(한치원)",[국내] 15세 관람가
마이클 베이,SF,"샤이아 라보프(샘 윗윅키), 로지 헌팅턴 휘틀리(칼리), 조쉬 더하멜(Lt. 코널 윌리엄 레녹스)",[국내] 12세 관람가 [해외] PG-13
안소니 루소,액션,"크리스 에반스(스티브 로저스 / 캡틴 아메리카), 로버트 다우니 주니어(토니 스타크 / 아이언맨), 스칼릿 조핸슨(나타샤 로마노프/ 블랙위도우)",[국내] 12세 관람가 [해외] PG-13
셰인 블랙,SF,"로버트 다우니 주니어(토니 스타크/아이언맨), 기네스 팰트로(페퍼 포츠), 벤 킹슬리(만다린)",[국내] 12세 관람가
윤제균,드라마,"황정민(덕수), 김윤진(영자), 오달수(달구)",[국내] 12세 관람가
존 왓츠,액션,"톰 홀랜드(피터 파커 / 스파이더맨 ), 사무엘 L. 잭슨(닉 퓨리), 젠데이아 콜먼(미쉘 존스)",[국내] 12세 관람가 [해외] PG-13
봉준호,SF,"크리스 에반스(커티스), 송강호(남궁민수), 에드 해리스(윌포드)",[국내] 15세 관람가
이석훈,모험,"김남길(장사정), 손예진(여월)",[국내] 12세 관람가
한재림,드라마,"송강호(내경), 이정재(수양대군), 백윤식(김종서)",[국내] 15세 관람가
김성훈,액션,"현빈(임철령), 유해진(강진태), 김주혁(차기성)",[국내] 15세 관람가
황동혁,코미디,"심은경(오두리), 나문희(오말순), 박인환(박씨)",[국내] 15세 관람가
김지운,액션,"송강호(이정출), 공유(김우진)",[국내] 15세 관람가
안소니 루소,액션,"로버트 다우니 주니어(토니 스타크 / 아이언맨), 크리스 에반스(스티브 로저스 / 캡틴 아메리카), 크리스 헴스워스(토르)",[국내] 12세 관람가
존 왓츠,액션,"톰 홀랜드(피터 파커/스파이더맨), 마이클 키튼(아드리안 툼즈/벌처)",[국내] 12세 관람가 [해외] PG-13
최진혁,한국,,
우민호,범죄,"이병헌(안상구), 조승우(우장훈), 백윤식(이강희)",[국내] 청소년 관람불가
이계벽,코미디,"유해진(형욱), 이준(재성), 조윤희(리나)",[국내] 15세 관람가
이상용,범죄,"마동석(마석도), 손석구(강해상), 최귀화(전일만)",
크리스토퍼 맥쿼리,액션,"톰 크루즈(에단 헌트), 헨리 카빌(어거스트 워커), 사이먼 페그(벤지 던)",[국내] 15세 관람가
나홍진,미스터리,"곽도원(종구), 황정민(일광), 쿠니무라 준(외지인)",[국내] 15세 관람가
김한민,액션,"박해일(남이), 류승룡(쥬신타), 김무열(서군)",[국내] 15세 관람가
이재한,전쟁,"이정재(장학수), 이범수(림계진), 리암 니슨(맥아더 장군)",[국내] 15세 관람가
오오네 히토시,드라마,"시노하라 료코, 히로세 스즈, 미우라 하루마",[국내] 15세 관람가
그레고어 얼러,드라마,"마티아스 지에싱, 페가 페리도니, 모리츠 하이델바흐",[국내] 12세 관람가
애너 보든,액션,"브리 라슨(캐럴 댄버스 / 비어스 / 캡틴 마블), 사무엘 L. 잭슨(닉 퓨리), 벤 멘델슨(탈로스 / 켈러)",[국내] 12세 관람가
류승완,액션,"황정민(이강옥), 소지섭(최칠성), 송중기(박무영)",[국내] 15세 관람가
매튜 본,액션,"콜린 퍼스(해리), 태런 에저튼(에그시), 사무엘 L. 잭슨(발렌타인)",[국내] 청소년 관람불가
후안 안토니오 바요나,액션,"크리스 프랫(오웬 그래디), 브라이스 달라스 하워드(클레어 디어링)",[국내] 12세 관람가
최우성,멜로/로맨스,[국내] 청소년 관람불가,
장철수,액션,"김수현(원류환), 박기웅(리해랑), 이현우(리해진)",[국내] 15세 관람가
크리스토퍼 맥쿼리,액션,"톰 크루즈(에단 헌트), 제레미 레너(윌리엄 브랜트), 사이먼 페그(벤지 던)",[국내] 15세 관람가 [해외] PG-13
콜린 트레보로우,액션,"크리스 프랫(오웬 그레디), 브라이스 달라스 하워드(클레어 디어링)",
크리스토퍼 놀란,액션,"크리스찬 베일(브루스 웨인 / 배트맨), 마이클 케인(알프레드), 게리 올드만(짐 고든)",[국내] 15세 관람가 [해외] PG-13
샘 레이미,액션,"베네딕트 컴버배치(닥터 스트레인지), 엘리자베스 올슨(완다 막시모프 / 스칼렛 위치)",
페이튼 리드,액션,"폴 러드(스캇 랭 / 앤트맨), 에반젤린 릴리(호프 반 다인 / 와스프), 마이클 더글라스(행크 핌 박사)",[국내] 12세 관람가
김용화,판타지,"하정우(강림), 차태현(자홍), 주지훈(해원맥)",[국내] 12세 관람가
이정범,액션,"원빈(차태식), 김새론(소미)",[국내] 청소년 관람불가
조성희,멜로/로맨스,"송중기(늑대소년), 박보영(순이)",[국내] 15세 관람가
김광식,액션,"조인성(양만춘), 남주혁(사물), 박성웅(이세민)",[국내] 12세 관람가
라이언 쿠글러,액션,채드윅 보스만(티찰라 / 블랙 팬서),[국내] 12세 관람가 [해외] PG-13
김학순,드라마,"김무열(윤영하), 진구(한상국), 이현우(박동혁)",[국내] 12세 관람가
토드 필립스,스릴러,호아킨 피닉스(아서 플렉 / 조커),[국내] 15세 관람가
허진호,서사,"손예진(덕혜옹주), 박해일(김장한)",[국내] 12세 관람가
김주환,액션,"박서준(기준), 강하늘(희열)",[국내] 15세 관람가
이재규,드라마,"유해진(태수), 조진웅(석호), 이서진(준모)",[국내] 15세 관람가
여인영,애니메이션,"잭 블랙(팬더곰, 포 목소리), 더스틴 호프만(렛서팬더/사부, 시푸 목소리), 성룡(원숭이, 몽키 목소리)",[국내] 전체 관람가 [해외] PG
마이클 베이,SF,"마크 월버그(케이드 예거), 니콜라 펠츠(테사 예거), 잭 레이너(셰인)",[국내] 12세 관람가
미하 로사,전쟁,"보리스 스직(유제프 피우수트스키), 막달레나 복자스카(마리아 피우수트스키)",[국내] 15세 관람가
이해영,범죄,"조진웅(원호), 류준열(락), 김주혁(진하림)",[국내] 15세 관람가
장준환,드라마,"김윤석(박처장), 하정우(공안부장), 유해진(한병용)",[국내] 15세 관람가
장이머우,범죄,"장한위, 위허웨이, 주아문",[국내] 15세 관람가
돈 E. 폰트르로이,공포,"토빈 벨, 랜디 셸리",[국내] 15세 관람가
양우석,드라마,"송강호(송우석), 김영애(최순애), 오달수(박동호)",[국내] 15세 관람가
존 파브로,모험,"도날드 글로버(심바 목소리), 비욘세(날라 목소리), 제임스 얼 존스(무파사 목소리)",[국내] 전체 관람가 [해외] PG
우민호,드라마,"이병헌(김규평), 이성민(박통), 곽도원(박용각)",[국내] 15세 관람가
마크 웹,액션,"앤드류 가필드(피터 파커/스파이더맨), 엠마 스톤(그웬 스테이시)",[국내] 12세 관람가
매튜 본,액션,"콜린 퍼스(해리 하트), 줄리안 무어(포피), 태런 에저튼(에그시)",[국내] 청소년 관람불가
원신연,액션,"유해진(황해철), 류준열(이장하), 조우진(마병구)",[국내] 15세 관람가
장훈,액션,"송강호(이한규), 강동원(송지원)",[국내] 15세 관람가
카일 랜킨,액션,"라다 미첼, 토마스 제인",
자레드 헤스,코미디,"자흐 갈리피아나키스(데이비드), 오웬 윌슨(스티브), 크리스틴 위그(켈리)",[국내] 15세 관람가 [해외] PG-13
해스래프 둘룰,SF,케이티 색코프,[국내] 12세 관람가
브릿 네이피어,스릴러,"엘리자베스 롬(레이첼/낸시), 케일리 디퍼(미셸), 크리스티안 캠벨(래리)",[국내] 청소년 관람불가
손용호,범죄,"마동석(박웅철), 김상중(오구탁), 김아중(곽노순)",[국내] 15세 관람가
이석훈,드라마,"황정민(엄홍길), 정우(박무택)",[국내] 12세 관람가
조의석,범죄,"설경구(황반장), 정우성(제임스), 한효주(하윤주)",[국내] 15세 관람가
데이빗 예이츠,판타지,"에디 레드메인(뉴트 스캐맨더), 콜린 파렐(퍼시발 그레이브스), 캐서린 워터스턴(티나 골드스틴)",[국내] 12세 관람가 [해외] PG-13
타이카 와이티티,액션,"크리스 헴스워스(토르), 마크 러팔로(헐크), 톰 히들스턴(로키)",[국내] 12세 관람가
더그 라이만,액션,"톰 크루즈(빌 케이지), 에밀리 블런트(리타 브라타스키), 빌 팩스톤(파렐 상사)",[국내] 12세 관람가
홍원찬,범죄,"황정민(인남), 이정재(레이), 박정민(유이)",[국내] 15세 관람가
마크 포스터,드라마,"브래드 피트(제리 레인), 미레유 에노스(카린 레인)",[국내] 15세 관람가 [해외] PG-13
이한,드라마,"김윤석(동주), 유아인(완득)",[국내] 12세 관람가
피트 닥터,애니메이션,"에이미 포엘러(조이/기쁨 목소리), 필리스 스미스(슬픔/새드니스 목소리), 민디 캘링(까칠/디스거스트 목소리)",[국내] 전체 관람가 [해외] PG
바이론 하워드,애니메이션,"지니퍼 굿윈(주디 홉스 목소리), 제이슨 베이트먼(닉 와일드 목소리), 샤키라(가젤 목소리)",[국내] 전체 관람가 [해외] PG
윤종빈,액션,"하정우(도치), 강동원(조윤)",[국내] 15세 관람가
윤종빈,범죄,"최민식(최익현), 하정우(최형배)",[국내] 청소년 관람불가
김석윤,코미디,"김명민(명탐정), 오달수(개장수), 한지민(한객주)",[국내] 12세 관람가
황동혁,드라마,"공유(강인호), 정유미(서유진)",[국내] 청소년 관람불가
박찬욱,스릴러,"김민희(히데코), 김태리(숙희), 하정우(백작)",[국내] 청소년 관람불가
박훈정,범죄,"이정재(이자성), 최민식(강과장), 황정민(정청)",[국내] 청소년 관람불가
마크 웹,액션,"앤드류 가필드(피터 파커/스파이더맨), 엠마 스톤(그웬 스테이시)",[국내] 12세 관람가
브라이언 싱어,SF,"휴 잭맨(로건 / 울버린), 제임스 맥어보이(찰스 자비에), 마이클 패스벤더(에릭 랜셔)",[국내] 12세 관람가
김주호,코미디,"차태현(이덕무), 오지호(백동수), 민효린(백수련)",[국내] 12세 관람가
데이빗 예이츠,모험,"다니엘 래드클리프(해리 포터), 엠마 왓슨(헤르미온느), 루퍼트 그린트(론 위즐리)",[국내] 전체 관람가 [해외] PG-13
민규동,멜로/로맨스,"임수정(연정인), 이선균(이두현), 류승룡(장성기)",[국내] 15세 관람가
데이빗 레이치,SF,"라이언 레이놀즈(웨이드 윌슨 / 데드풀), 프레드 세비지(프레드), 조슈 브롤린(케이블)",[국내] 12세 관람가
앤디 서키스,액션,"톰 하디(에디 브록 / 베놈), 미셸 윌리엄스(앤 웨잉)",[국내] 15세 관람가
박정우,드라마,"김남길(재혁), 김주현(연주), 정진영(평섭)",[국내] 12세 관람가
연상호,액션,"강동원(한정석), 이정현(민정)",[국내] 15세 관람가
김태균,범죄,"김윤석(김형민), 주지훈(강태오)",[국내] 15세 관람가
조지 밀러,액션,"톰 하디(맥스 로켓탄스키), 샤를리즈 테론(임페라토르 퓨리오사), 니콜라스 홀트(눅스)",[국내] 15세 관람가 [해외] R
존 파브로,SF,"로버트 다우니 주니어(토니 스타크 / 아이언 맨), 기네스 팰트로(페퍼 포츠), 돈 치들(워 머신 /제임스 로드)",[국내] 12세 관람가 [해외] PG-13
강형철,드라마,"T.O.P(함대길), 신세경(허미나), 곽도원(장동식)",[국내] 청소년 관람불가
데이빗 레이치,액션,"드웨인 존슨(루크 홉스), 제이슨 스타뎀(데카드 쇼), 이드리스 엘바(브릭스턴)",[국내] 12세 관람가
박정우,드라마,"김명민(재혁), 문정희(경순), 김동완(재필)",[국내] 15세 관람가
조 루소,액션,"크리스 에반스(스티브 로저스/캡틴 아메리카), 스칼릿 조핸슨(나타샤 로마노프/블랙 위도우), 사무엘 L. 잭슨(닉 퓨리)",[국내] 15세 관람가
맷 리브스,액션,"앤디 서키스(시저), 게리 올드만(드레퓌스), 제이슨 클락(말콤)",[국내] 12세 관람가 [해외] PG-13
여인영,애니메이션,"잭 블랙(포 목소리), 안젤리나 졸리(타이그리스 목소리), 더스틴 호프만(시푸 목소리)",[국내] 전체 관람가 [해외] PG
장창원,범죄,"현빈(황지성), 유지태(박희수 검사), 배성우(고석동)",[국내] 15세 관람가
황동혁,드라마,"이병헌(최명길), 김윤석(김상헌), 박해일(인조)",[국내] 15세 관람가
알폰소 쿠아론,SF,"산드라 블록(라이언 스톤), 조지 클루니(맷 코왈스키)",[국내] 12세 관람가 [해외] PG-13
최국희,드라마,"김혜수(한시현), 유아인(윤정학), 허준호(갑수)",[국내] 12세 관람가
저스틴 프라이스,액션,"데이빗.E 카자레스(세거), 디에나 그레이스 콩고",[국내] 12세 관람가
김석윤,코미디,"김명민(명탐정 김민), 오달수(서필), 이연희(히사코)",[국내] 12세 관람가
김도영,드라마,"정유미(지영), 공유(대현)",[국내] 12세 관람가
이용주,멜로/로맨스,"엄태웅(현재 승민), 한가인(현재 서연), 이제훈(과거 승민)",[국내] 12세 관람가
이석훈,코미디,"황정민(정민), 엄정화(정화)",[국내] 12세 관람가
F. 게리 그레이,액션,"빈 디젤(도미닉 토레토), 드웨인 존슨(루크 홉스), 샤를리즈 테론(사이퍼)",[국내] 15세 관람가 [해외] PG-13
이재규,드라마,"현빈(정조), 정재영(갑수), 조정석(을수)",[국내] 15세 관람가
신카이 마코토,애니메이션,"카미키 류노스케(타치바나 타키 목소리), 카미시라이시 모네(미야미즈 미츠하 목소리)",[국내] 12세 관람가
이원태,범죄,"마동석(장동수), 김무열(정태석), 김성규(강경호)",[국내] 청소년 관람불가
아담 맥케이,코미디,"레오나르도 디카프리오, 제니퍼 로렌스, 롭 모건",[국내] 15세 관람가
리건,범죄,"권상우(귀수), 김희원(똥선생), 김성균(허일도)",[국내] 15세 관람가
조시 쿨리,애니메이션,"톰 행크스(우디 목소리), 팀 알렌(버즈 라이트이어 목소리), 애니 파츠(보 핍 목소리)",[국내] 전체 관람가
낸시 마이어스,코미디,"앤 해서웨이(줄스 오스틴), 로버트 드 니로(벤 휘태커)",[국내] 12세 관람가 [해외] PG-13
조진규,코미디,"박신양(광호), 김정태(태주), 엄지원(명보살)",[국내] 15세 관람가
리 언크리치,애니메이션,"안소니 곤잘레스 (미구엘 목소리), 가엘 가르시아 베르날(헥터 목소리), 벤자민 브랫(에르네스토 델라 크루즈 목소리)",[국내] 전체 관람가 [해외] PG
데이빗 레이치,SF,"라이언 레이놀즈(웨이드 윌슨 / 데드풀), 프레드 세비지(프레드), 조슈 브롤린(케이블)",[국내] 12세 관람가
최성현,코미디,"이병헌(김조하), 윤여정(주인숙), 박정민(오진태)",[국내] 12세 관람가
베리 소넨필드,액션,"윌 스미스(에이전트 제이), 토미 리 존스(에이전트 케이), 조슈 브롤린(젊은 에이전트 케이)",[국내] 12세 관람가
롭 마샬,판타지,"조니 뎁(잭 스패로우), 제프리 러쉬(바르보사), 페넬로페 크루즈(안젤리카)",[국내] 12세 관람가
조정래,드라마,"강하나(정민), 최리(은경), 박지희(순이)",[국내] 15세 관람가
박훈정,미스터리,"김다미(자윤), 조민수(닥터 백), 박희순(미스터 최)",[국내] 15세 관람가
존 카니,드라마,"키이라 나이틀리(그레타), 마크 러팔로(댄), 애덤 리바인(데이브)",[국내] 15세 관람가 [해외] R
딘 데블로이스,애니메이션,"제이 바루첼(히컵 목소리), 아메리카 페레라(아스트리드 목소리), 케이트 블란쳇(발카 목소리)",[국내] 전체 관람가 [해외] PG
김성훈,범죄,"이선균(고건수), 조진웅(박창민)",[국내] 15세 관람가
이언희,코미디,"권상우(강대만), 성동일(노태수), 이광수(여치형)",[국내] 15세 관람가
숀 레비,액션,"휴 잭맨(찰리 켄튼), 에반젤린 릴리(베일리 ), 다코타 고요(맥스 켄튼)",[국내] 12세 관람가 [해외] PG-13
앨런 테일러,액션,"아놀드 슈왈제네거(터미네이터), 제이슨 클락(존 코너), 에밀리아 클라크(사라 코너)",[국내] 15세 관람가
제임스 완,액션,"빈 디젤(도미닉 토레토), 폴 워커(브라이언 오코너), 드웨인 존슨(루크 홉스)",[국내] 15세 관람가
강일수,드라마,"차태현(전우치 / 이치), 유이(홍무연), 이희준(강림)",[국내] 15세 관람가
정지영,드라마,"안성기(김경호 교수), 박원상(박준 변호사), 나영희(김경호부인)",[국내] 15세 관람가
김현석,드라마,"나문희(나옥분), 이제훈(박민재)",[국내] 12세 관람가
강우석,드라마,"정재영(이장, 천용덕), 박해일(유해국), 유준상(박민욱 검사)",[국내] 청소년 관람불가
곽정,스릴러,"이시언(성민), 김성철(준혁), 허가윤(누리)",[국내] 15세 관람가
존 추,범죄,"제시 아이젠버그(J. 다니엘 아틀라스), 마크 러팔로(딜런 로즈), 우디 해럴슨(메리트 맥키니)",[국내] 12세 관람가 [해외] PG-13
요아킴 뢰닝,액션,"조니 뎁(잭 스패로우), 하비에르 바르뎀(살라자르), 제프리 러쉬(헥터 바르보사)",[국내] 12세 관람가 [해외] PG-13
김한결,멜로/로맨스,"김래원(재훈), 공효진(선영)",[국내] 15세 관람가
브래드 버드,애니메이션,"크레이그 T. 넬슨(밥 파 / Mr. 인크레더블 목소리), 사무엘 L. 잭슨(루이스 베스트 / 프로존 목소리), 홀리 헌터(헬렌 파 / 일라스티걸 목소리)",[국내] 전체 관람가
크리스토퍼 놀란,액션,"핀 화이트헤드(토미), 마크 라이런스(도슨), 톰 하디(파리어)",[국내] 12세 관람가 [해외] PG-13
브라이언 싱어,액션,"제임스 맥어보이(찰스 자비에 교수 / 프로페서 X), 마이클 패스벤더(에릭 렌셔 / 마그네토), 제니퍼 로렌스(레이븐 다크홀름 / 미스틱)",[국내] 12세 관람가 [해외] PG-13
카일 발다,애니메이션,"스티브 카렐(그루/드루 목소리), 크리스틴 위그(루시 와일드 목소리), 트레이 파커(발타자르 브래트 목소리)",[국내] 전체 관람가 [해외] PG
J.J. 에이브럼스,액션,"데이지 리들리(레이), 존 보예가(핀), 오스카 아이삭(포 다메론)",[국내] 12세 관람가 [해외] PG-13
딘 데블로이스,애니메이션,"제이 바루첼(히컵 목소리), 제라드 버틀러(스토이크 목소리), 아메리카 페레라(아스트리드 목소리)",[국내] 전체 관람가
이재한,전쟁,"차승원(북한군 진격대장, 박무랑), 권상우(학도병, 구갑조), T.O.P(학도병 중대장, 오장범)",[국내] 12세 관람가
다비드 알바라,모험,"벤자민 비쿠나, 로베르토 파리아스, 유세비오 아레나스",[국내] 15세 관람가
엄유나,드라마,"유해진(김판수), 윤계상(류정환)",[국내] 12세 관람가
이석근,멜로/로맨스,"박보영(환승희), 김영광(황우연)",[국내] 12세 관람가
이병헌,코미디,"김우빈(치호), 준호(동우), 강하늘(경재)",[국내] 15세 관람가
페이튼 리드,액션,"폴 러드(스캇 랭 / 앤트맨), 에반젤린 릴리(호프 반 다인 / 와스프), 마이클 더글라스(행크 핌 박사)",[국내] 12세 관람가
제임스 건,액션,"크리스 프랫(스타로드/피터 제이슨 퀼), 조 샐다나(가모라), 데이브 바티스타(드랙스/아서 더글라스)",[국내] 12세 관람가 [해외] PG-13
오우치 아이리,에로,[국내] 청소년 관람불가,
제임스 넌,스릴러,"셰리던 스미스(베키), 잭 오코넬(커티스), 랠프 브라운(네빌)",[국내] 청소년 관람불가
조범구,액션,"이민기(한기수), 강예원(아롬), 김인권(김명식)",[국내] 15세 관람가
마이크 미첼,애니메이션,"마이크 마이어스(슈렉 목소리), 에디 머피(동키 목소리), 카메론 디아즈(피오나 공주 목소리)",[국내] 전체 관람가 [해외] PG
앨런 테일러,액션,"크리스 헴스워스(토르), 나탈리 포트만(제인 포스터), 톰 히들스턴(로키)",[국내] 12세 관람가
김대우,드라마,"김주혁(방자), 류승범(이몽룡), 조여정(춘향)",[국내] 청소년 관람불가
곽경택,드라마,"김윤석(공길용), 유해진(김중산)",[국내] 15세 관람가
창감독,액션,"류승룡(백여훈), 유준상(송반장), 이진욱(이태준)",[국내] 15세 관람가
돈 홀,애니메이션,"다니엘 헤니(테디 아르마다 목소리), 라이언 포터(히로 아르마다 목소리), 스콧 애짓(베이맥스 목소리)",[국내] 전체 관람가 [해외] PG
장훈,전쟁,"신하균(강은표), 고수(김수혁), 이제훈(신일영)",[국내] 15세 관람가
팀 버튼,판타지,"에바 그린(페레그린), 에이사 버터필드(제이크), 사무엘 L. 잭슨(바론)",[국내] 12세 관람가 [해외] PG-13
제임스 카메론,멜로/로맨스,"레오나르도 디카프리오(잭 도슨), 케이트 윈슬렛(로즈 드윗 부카더)",[국내] 15세 관람가 [해외] PG-13
곽경택,느와르,"유오성(이준석), 주진모(이철주), 김우빈(최성훈)",[국내] 청소년 관람불가
김성수,드라마,"장혁(지구), 수애(인해), 박민하(미르)",[국내] 15세 관람가
로버트 로워스,스릴러,"타야 캘더 메이슨, 잭슨 던랩, 잭 매콜레이",[국내] 청소년 관람불가
피터 잭슨,판타지,"이안 맥켈런(간달프), 마틴 프리먼(빌보 배긴스), 리처드 아미티지(소린)",[국내] 12세 관람가
강대규,드라마,"김윤진(홍정혜), 나문희(김문옥), 강예원(강유미)",[국내] 12세 관람가
웨스 볼,액션,"딜런 오브라이언(토마스), 토마스 생스터(뉴트), 카야 스코델라리오(트리사)",[국내] 12세 관람가 [해외] PG-13
막심 파디브,애니메이션,"콘스탄틴 카벤스키, 아르멘 드지가르크하니안",[국내] 전체 관람가
딘 패리소트,액션,"브루스 윌리스(프랭크 모시스), 이병헌(한조배), 캐서린 제타 존스(카자)",[국내] 15세 관람가
마이클 베이,액션,"마크 월버그(케이드 예거), 안소니 홉킨스(에드먼드 버튼), 로라 하드독(비비안 웸블리)",[국내] 12세 관람가 [해외] PG-13
웨스 볼,액션,"딜런 오브라이언(토마스), 토마스 생스터(뉴트), 카야 스코델라리오(트리사)",[국내] 12세 관람가
정범식,공포,"위하준(하준), 박지현(지현), 오아연(아연)",[국내] 15세 관람가
원신연,범죄,"설경구(김병수), 김남길(민태주), 설현(은희)",[국내] 15세 관람가
필립 노이스,액션,안젤리나 졸리(에블린 솔트),[국내] 15세 관람가 [해외] PG-13
폴 그린그래스,액션,"맷 데이먼(제이슨 본), 알리시아 비칸데르(헤더 리), 뱅상 카셀",[국내] 15세 관람가 [해외] PG-13
조근현,액션,"진구(곽진배), 한혜진(심미진), 임슬옹(권정혁)",[국내] 15세 관람가
류승완,범죄,"황정민(최철기), 류승범(주양), 유해진(장석구)",[국내] 청소년 관람불가
정지영,범죄,"조진웅(양민혁), 이하늬(김나리)",[국내] 12세 관람가
김형주,범죄,"이성민(대호), 조진웅(종진), 김성균(덕만)",[국내] 15세 관람가
데이빗 예이츠,모험,"에디 레드메인(뉴트 스캐맨더), 조니 뎁(겔러트 그린델왈드), 캐서린 워터스턴(티나 골드스틴)",[국내] 12세 관람가
이장훈,멜로/로맨스,"소지섭(우진), 손예진(수아)",[국내] 12세 관람가
앤드류 스탠튼,애니메이션,"엘런 드제너러스(도리 목소리), 앨버트 브룩스(말린 목소리), 에드 오닐(행크 목소리)",[국내] 전체 관람가 [해외] PG
루퍼트 와이어트,액션,"제임스 프랭코(윌 로드만), 프리다 핀토(캐롤라인), 앤디 서키스(시저)",[국내] 12세 관람가 [해외] PG-13
최원섭,코미디,"권상우(준), 정준호(덕규), 황우슬혜(미나)",[국내] 15세 관람가
윤여창,액션,"이설구(이태식), 장광(조평호), 이원종(이혜명)",[국내] 청소년 관람불가
이한,드라마,"정우성(순호), 김향기(지우)",[국내] 12세 관람가
스티븐 S. 드나이트,액션,"존 보예가(제이크), 스콧 이스트우드(네이트)",[국내] 15세 관람가 [해외] PG-13
김정훈,코미디,"권상우(강대만), 성동일(노태수)",[국내] 15세 관람가
정병길,액션,"정재영(최형구), 박시후(이두석)",[국내] 청소년 관람불가
크리스토퍼 휠든,공연실황,[국내] 전체 관람가,
황인호,멜로/로맨스,"손예진(여리), 이민기(조구)",[국내] 12세 관람가
팀 밀러,SF,"맥켄지 데이비스(그레이스), 아놀드 슈왈제네거(터미네이터), 린다 해밀턴(사라 코너)",[국내] 15세 관람가
배종,액션,"지창욱(권유), 심은경(여울), 안재홍(데몰리션)",[국내] 15세 관람가
장재현,미스터리,"이정재(박목사), 박정민(정나한), 이재인(금화/그것)",[국내] 15세 관람가
스티븐 스필버그,액션,"마크 라이런스(제임스 도노반 할리데이 / 아노락), 사이먼 페그(오르젠 모로우 / Og), 올리비아 쿡(사만다 에벨린 쿡 / 아르테미스)",[국내] 12세 관람가
김현석,멜로/로맨스,"엄태웅(병훈), 이민정(희중), 최다니엘(상용)",[국내] 12세 관람가
김석윤,모험,"김명민(김민), 오달수(서필), 김지원(여주)",[국내] 12세 관람가
권오광,범죄,"박정민(도일출), 류승범(애꾸), 최유화(마돈나)",[국내] 청소년 관람불가
래드 리,드라마,"다미엔 보나드, 알렉시스 마넨티, 제브릴 종가",[국내] 15세 관람가
올 파커,뮤지컬,"아만다 사이프리드(소피), 릴리 제임스(젊은 도나), 메릴 스트립(도나)",[국내] 12세 관람가
브래드 버드,액션,"톰 크루즈(에단 헌트), 제레미 레너(브랜트)",[국내] 15세 관람가 [해외] PG-13
크리스 리노드,애니메이션,"패튼 오스왈트(맥스 목소리), 케빈 하트(스노우볼 목소리), 제니 슬레이트(기젯 목소리)",[국내] 전체 관람가
김지훈,SF,"하지원(차해준), 안성기(이정만), 오지호(김동수)",[국내] 15세 관람가 [해외] NR
김대승,멜로/로맨스,"조여정(화연), 김동욱(성원대군), 김민준(권유)",[국내] 청소년 관람불가
김태윤,드라마,"정우(이준영), 강하늘(조현우), 김해숙(순임)",[국내] 15세 관람가
김진영,멜로/로맨스,"진세연(박영희), 홍종현(한철수), 신정근(한달식)",[국내] 15세 관람가
루이스 리터리어,범죄,"제시 아이젠버그(다니엘 아틀라스), 마크 러팔로(딜런 로즈), 우디 해럴슨(메리트 오스본)",[국내] 12세 관람가 [해외] PG-13
매튜 본,SF,"제임스 맥어보이(찰스 자비에), 마이클 패스벤더(에릭 렌셔 / 매그네토), 케빈 베이컨(세바스찬 쇼우)",[국내] 12세 관람가 [해외] PG-13
카일 발다,애니메이션,"스티브 카렐(그루 목소리), 타라지 P. 헨슨(벨 바텀 목소리), 루시 로리스(넌척 목소리)",
톰 맥그라스,애니메이션,"알렉 볼드윈(보스 베이비 테드 목소리), 제임스 마스던(팀), 에이미 세다리스(티나)",[국내] 전체 관람가
빌 콘돈,드라마,"크리스틴 스튜어트(벨라 컬렌), 로버트 패틴슨(에드워드 컬렌), 테일러 로트너(제이콥 블랙)",[국내] 15세 관람가 [해외] PG-13
잭 스나이더,액션,"헨리 카빌(클락 켄트 / 슈퍼맨), 벤 애플렉(브루스 웨인 / 배트맨), 에이미 아담스(로이스 레인)",[국내] 12세 관람가 [해외] PG-13
웨스 볼,액션,"딜런 오브라이언(토마스), 토마스 생스터(뉴트), 카야 스코델라리오(트리사)",[국내] 12세 관람가
로버트 로드리게즈,액션,"로사 살라자르(알리타), 크리스토프 왈츠(닥터 다이슨 이도), 키언 존슨(휴고)",[국내] 12세 관람가 [해외] NR
김성주,한국,,
리건,범죄,"권상우(귀수), 김희원(똥선생), 김성균(허일도)",[국내] 15세 관람가
변영주,미스터리,"이선균(장문호), 김민희(차경선), 조성하(김종근)",[국내] 15세 관람가
존 왓츠,액션,"톰 홀랜드(피터 파커/스파이더맨), 젠데이아 콜먼(MJ), 베네딕트 컴버배치(닥터 스트레인지)",[국내] 12세 관람가
크리스토퍼 놀란,액션,"존 데이비드 워싱턴(주도자), 로버트 패틴슨(닐), 엘리자베스 데비키(캣)",[국내] 12세 관람가
스티븐 소더버그,코미디,"채닝 테이텀(지미 로건), 아담 드라이버(클라이드 로건), 다니엘 크레이그(조 뱅)",[국내] 12세 관람가 [해외] PG-13
타마르 반 덴 도프,드라마,"요런 셀데슬라흐츠(루벤), 핼리너 레인(마리아), 카테리네 베르베케(캐서린)",[국내] 15세 관람가 [해외] NR
이준익,드라마,"이제훈(박열), 최희서(후미코), 김인우(미즈노)",[국내] 12세 관람가
김휘,스릴러,"김윤진(송경희), 마동석(안혁모), 천호진(표종록)",[국내] 청소년 관람불가
론 클레멘츠,애니메이션,"아우이 크라발호(모아나 목소리), 드웨인 존슨(마우이 목소리), 레이첼 하우스(탈라 할머니 목소리)",[국내] 전체 관람가 [해외] PG
박희곤,한국,"조승우(박재상), 지성(흥선대원군), 김성균(김병기)",[국내] 12세 관람가
손영성,드라마,"하정우(강성희), 박희순(안민호), 장혁(한철민)",[국내] 15세 관람가
정태원,코미디,"김수미(홍덕자), 신현준(장인재), 탁재훈(장석재)",[국내] 15세 관람가
유하,액션,"이민호(종대), 김래원(용기), 정진영(길수)",[국내] 청소년 관람불가
장준환,액션,"김윤석(석태), 여진구(화이), 조진웅(기태)",[국내] 청소년 관람불가
제롬 데셤프스,애니메이션,"제롬 데셤프스(고양이 목소리), 욜랜드 모로(여왕 목소리)",[국내] 전체 관람가 [해외] G
올리비에 메가턴,액션,"리암 니슨(브라이언 밀스), 매기 그레이스(킴), 팜케 얀센(레노어)",[국내] 청소년 관람불가 [해외] PG-13
샘 멘데스,액션,"다니엘 크레이그(제임스 본드), 하비에르 바르뎀(실바), 주디 덴치(M)",[국내] 15세 관람가 [해외] PG-13
패티 젠킨스,액션,"갤 가돗(다이애나/원더우먼), 크리스 파인(스티브 트레버), 크리스틴 위그(치타/바바라 미네르바)",[국내] 12세 관람가
맷 루트릿지,액션,"로스 오헤네시(브래드), 자라 피티안(케이틀린)",[국내] 청소년 관람불가
백운학,범죄,"손현주(최반장(최창식)), 마동석(오형사), 최다니엘(김진규)",[국내] 15세 관람가
잭 스나이더,액션,"헨리 카빌(클락 켄트 / 수퍼맨), 에이미 아담스(로이스 레인), 러셀 크로우(조-엘)",[국내] 12세 관람가 [해외] PG-13
마이클 워커,스릴러,"빌 캠프(Mr. 크로포드), 필립 에팅거(브랜든 크로포드), 폴라 가시스(드리나)",[국내] 청소년 관람불가
이종석,범죄,"손예진(하채윤), 현빈(민태구)",[국내] 15세 관람가
데이빗 예이츠,액션,"다니엘 래드클리프(해리 포터), 엠마 왓슨(헤르미온느), 루퍼트 그린트(론 위즐리)",[국내] 전체 관람가 [해외] PG-13
이해준,드라마,"이병헌(리준평), 하정우(조인창), 마동석(강봉래)",[국내] 12세 관람가
김태곤,코미디,"김혜수(주연), 마동석(평구), 김현수(단지)",[국내] 15세 관람가
맷 리브스,액션,"앤디 서키스(시저), 우디 해럴슨(대령), 스티브 잔(배드 에이프)",[국내] 12세 관람가 [해외] PG-13
크리스 리델,코미디,루시 헤일(루시),[국내] 청소년 관람불가 [해외] R
임찬상,멜로/로맨스,"조정석(영민), 신민아(미영)",[국내] 15세 관람가
피터 잭슨,판타지,"마틴 프리먼(빌보), 이안 맥켈런(간달프), 리처드 아미티지(소린 오큰실드)",[국내] 12세 관람가
피터 버그,액션,"테일러 키취(알렉스 하퍼), 리암 니슨(셰인 제독), 리아나(코라 레익스)",[국내] 12세 관람가
김준성,SF,"고수(최대호), 설경구(송방섭)",[국내] 15세 관람가
롭 레터맨,모험,"잭 블랙(르무엘 걸리버), 제이슨 세걸(호라티오), 에밀리 블런트(메리 공주)",[국내] 전체 관람가 [해외] PG
마이클 차베즈,공포,"베라 파미가(로레인), 패트릭 윌슨(에드), 줄리안 힐리아드(데이빗)",[국내] 15세 관람가
강효진,판타지,"진영(동현), 박성웅(판수), 라미란(미선)",[국내] 15세 관람가
박대민,코미디,"유승호(김인홍), 조재현(성대련), 고창석(보원)",[국내] 12세 관람가
스티븐 쿼일,액션,"리처드 아미티지(게리 모리스), 사라 웨인 콜리스(앨리슨 스톤), 맷 월쉬(피트)",[국내] 12세 관람가
백종열,멜로/로맨스,"한효주(홍이수), 김대명(우진1), 도지한(우진18)",[국내] 12세 관람가
알레한드로 곤잘레스 이냐리투,모험,"레오나르도 디카프리오(휴 글래스), 톰 하디(존 피츠 제럴드), 도널 글리슨(앤드류 헨리)",[국내] 15세 관람가 [해외] R
에브라힘 하타미키아,액션,"바박 해미디안(알리), 하디 헤자지파르(유네스)",[국내] 15세 관람가
케네스 브래너,판타지,"크리스 헴스워스(토르), 나탈리 포트만(제인 포스터), 톰 히들스턴(로키)",[국내] 12세 관람가 [해외] PG-13
조일형,드라마,"유아인(오준우), 박신혜(김유빈)",[국내] 15세 관람가
엑셀 브라운,액션,"클리오 발렌타인, 토미 피스톨, 찰스 데라",[국내] 청소년 관람불가
이안,모험,"수라즈 샤르마(소년 파이 파텔), 이르판 칸(파이 파텔)",[국내] 전체 관람가
우민호,범죄,"송강호(이두삼), 조정석(김인구), 배두나(김정아)",[국내] 청소년 관람불가
제임스 완,공포,"베라 파미가(로레인), 패트릭 윌슨(에드), 프란카 포텐테(애니타)",[국내] 15세 관람가
우민호,범죄,"이병헌(안상구), 조승우(우장훈), 백윤식(이강희)",[국내] 청소년 관람불가
데이비드 F. 샌드버그,공포,"스테파니 시그만(수녀 샬럿), 탈리타 베이트먼(재니스), 앨리시아 벨라 베일리",[국내] 15세 관람가 [해외] R
토비 젠켈,애니메이션,"안현서(피니), 윤미나(리아), 이상헌(레너드)",[국내] 전체 관람가
헨크 프리토리우스,공포,"제미마 웨스트, 크리스토퍼 데인",[국내] 15세 관람가
김민석,SF,"강동원(초인), 고수(임규남), 정은채(영숙)",[국내] 15세 관람가
김정훈,멜로/로맨스,"이선균(정배), 최강희(다림)",[국내] 청소년 관람불가
한준희,범죄,"공효진(시연), 류준열(민재), 조정석(재철)",[국내] 15세 관람가
올리비에 메가턴,액션,"리암 니슨(브라이언 밀스), 팜케 얀센(레니), 매기 그레이스(킴)",[국내] 15세 관람가
정근섭,스릴러,"엄정화(하경), 김상경(청호), 송영창(한철)",[국내] 15세 관람가
데이빗 슬레이드,판타지,"크리스틴 스튜어트(벨라 스완), 로버트 패틴슨(에드워드 컬렌), 테일러 로트너(제이콥 블랙)",[국내] 12세 관람가 [해외] PG-13
박진표,멜로/로맨스,"이승기(준수), 문채원(현우), 이서진(동진)",[국내] 15세 관람가
강대규,드라마,"성동일(두석), 하지원(승이), 김희원(종배)",[국내] 12세 관람가
오성윤,애니메이션,"문소리(잎싹 목소리), 유승호(초록 목소리), 최민식(나그네 목소리)",[국내] 전체 관람가
양우석,드라마,"정우성(한 대통령), 곽도원(호위총국장), 유연석(북 위원장)",[국내] 15세 관람가
잭 스나이더,액션,"벤 애플렉(브루스 웨인/배트맨), 갤 가돗(다이애나 프린스/원더 우먼), 제이슨 모모아(아서 커리/아쿠아맨)",[국내] 12세 관람가
이창재,다큐멘터리,노무현(본인),[국내] 12세 관람가
폴 앤더슨,액션,밀라 요보비치(앨리스),[국내] 청소년 관람불가 [해외] R
한동욱,드라마,"황정민(태일), 한혜진(호정)",[국내] 15세 관람가
마이크 뉴웰,액션,"제이크 질렌할(다스탄 왕자), 젬마 아터튼(타미나 공주), 벤 킹슬리(니잠)",[국내] 12세 관람가
존 추,액션,"이병헌(스톰 쉐도우), 브루스 윌리스(조 콜튼), 드웨인 존슨(로드블럭)",[국내] 15세 관람가 [해외] PG-13
브래드 페이튼,액션,"드웨인 존슨(레이몬드 게인즈), 알렉산드라 다드다리오(블레이크 게인즈), 칼라 구기노(엠마 게인즈)",[국내] 12세 관람가 [해외] PG-13
소유붕,드라마,"왕카이(탕촨), 장로일(스홍), 임심여(천칭)",[국내] 12세 관람가
리 언크리치,애니메이션,"톰 행크스(우디 목소리), 팀 알렌(버즈 라이트이어 목소리), 조앤 쿠삭(제시 목소리)",[국내] 전체 관람가 [해외] G
샘 멘데스,액션,"다니엘 크레이그(제임스 본드), 레아 세이두(매들린 스완), 크리스토프 왈츠(오버하우서)",[국내] 15세 관람가
패트릭 휴즈,액션,"라이언 레이놀즈(마이클 브라이스), 사무엘 L. 잭슨(다리우스 킨케이드), 셀마 헤이엑(소니아 킨케이드)",[국내] 15세 관람가
조던 복트-로버츠,액션,"톰 히들스턴(제임스 콘라드), 사무엘 L. 잭슨(프레스턴 패커드), 브리 라슨(메이슨 위버)",[국내] 12세 관람가 [해외] PG-13
이종필,드라마,"고아성(이자영), 이솜(정유나), 박혜수(심보람)",[국내] 12세 관람가
김지운,범죄,"이병헌(김수현), 최민식(장경철)",[국내] 청소년 관람불가
필 존스턴,애니메이션,"존 C. 라일리(랄프 목소리), 사라 실버맨(바넬로피 목소리), 제인 린치(칼훈 목소리)",[국내] 전체 관람가 [해외] PG
M. 나이트 샤말란,판타지,"노아 링어(아앙), 잭슨 라스본(소카), 니콜라 펠츠(카타라)",[국내] 전체 관람가 [해외] PG
아칸 사타예브,액션,"이차노브 버릭, 비니 존스",[국내] 15세 관람가
제이크 캐스단,액션,"드웨인 존슨(닥터 브레이브스톤/스펜서), 잭 블랙(셸리 오베론/베서니), 케빈 하트(무스 핀바/프리지)",[국내] 12세 관람가 [해외] PG-13
정다원,코미디,"라미란(박미영), 이성경(조지혜)",[국내] 15세 관람가
노덕,멜로/로맨스,"이민기(이동희), 김민희(장영)",[국내] 청소년 관람불가
박정배,범죄,"이제훈(동구), 조우진(존스박사), 신혜선(세희)",[국내] 12세 관람가
강우석,드라마,"정재영(김상남), 유선(나주원), 강신일(교감)",[국내] 전체 관람가
제임스 완,액션,"제이슨 모모아(아서 커리 / 아쿠아맨), 앰버 허드(메라), 니콜 키드먼(아틀라나 여왕)",[국내] 12세 관람가 [해외] PG-13
모튼 틸덤,드라마,"베네딕트 컴버배치(앨런 튜링), 키이라 나이틀리(조안 클라크), 매튜 구드(휴 알렉산더)",[국내] 15세 관람가 [해외] PG-13
M. 나이트 샤말란,공포,"제임스 맥어보이(데니스/패트리샤/헤드윅/비스트/케빈/배리/오웰/제이드), 안야 테일러 조이(케이시)",[국내] 15세 관람가 [해외] PG-13
이규만,범죄,"박용우(강지승), 류승룡(황우혁), 성동일(박 형사)",[국내] 15세 관람가
김현석,멜로/로맨스,"정우(젊은 오근태), 김윤석(오근태), 한효주(젊은 민자영)",[국내] 15세 관람가
변성현,멜로/로맨스,"지성(현승), 김아중(윤정)",[국내] 청소년 관람불가
임순례,드라마,"박해일(윤민철 PD), 유연석(심민호), 이경영(이장환 박사)",[국내] 12세 관람가
스티븐 개건,코미디,로버트 다우니 주니어(닥터 두리틀),[국내] 전체 관람가
문현성,드라마,"하지원(현정화), 배두나(리분희)",[국내] 12세 관람가
노암 머로,액션,"에바 그린(아르테미시아), 설리반 스탭플턴(테미스토클레스), 로드리고 산토로(크세르크세스 황제)",[국내] 청소년 관람불가 [해외] R
김성훈,액션,"현빈(이청), 장동건(김자준)",[국내] 15세 관람가
김민호,범죄,"마동석(강동철), 송지효(지수)",[국내] 15세 관람가
저스틴 린,액션,"빈 디젤(도미닉 토레토), 드웨인 존슨(루크 홉스), 폴 워커(브라이언 오코너)",[국내] 15세 관람가 [해외] PG-13
전계수,멜로/로맨스,"하정우(주월/마형사), 공효진(희진/혜영)",[국내] 15세 관람가
크리스 콜럼버스,판타지,"로건 레먼(퍼시 잭슨), 피어스 브로스넌(케이런), 우마 서먼(메두사)",[국내] 12세 관람가 [해외] PG
데이빗 소렌,애니메이션,"라이언 레이놀즈(터보 목소리), 폴 지아마티(체트 목소리), 마이클 페나(티토 목소리)",[국내] 전체 관람가
J.J. 에이브럼스,액션,"크리스 파인(제임스 T. 커크), 재커리 퀸토(스팍), 조 샐다나(우후라)",[국내] 12세 관람가
마키무라 츄타,드라마,[국내] 청소년 관람불가,
장유정,코미디,"라미란(주상숙), 김무열(박희철), 나문희(김옥희)",[국내] 12세 관람가
이권,스릴러,"공효진(조경민), 김예원(오효주), 김성오(이형사)",[국내] 15세 관람가
강우석,액션,"황정민(임덕규), 유준상(이상훈), 이요원(홍규민)",[국내] 청소년 관람불가
롤랜드 에머리히,액션,"빌 풀만(토마스 J. 휘트모어), 리암 헴스워스(제이크 모리슨), 제프 골드브럼(데이빗 레빈슨)",[국내] 12세 관람가 [해외] PG-13
올리비에르 나카체,코미디,"프랑수아 클루제(필립), 오마 사이(드리스)",[국내] 12세 관람가
이준익,코미디,"정진영(〔신라〕김유신), 이문식(〔신라〕거시기), 류승룡(〔고구려〕남건)",[국내] 12세 관람가
문현성,코미디,"이선균(예종), 안재홍(윤이서)",[국내] 12세 관람가
조던 필,스릴러,"루피타 뇽(애들레이드 윌슨/레드), 윈스턴 듀크(게이브 윌슨/아브라함), 엘리자베스 모스(키티 타일러/달리아)",[국내] 15세 관람가
에릭 다넬,애니메이션,"벤 스틸러(알렉스 목소리), 데이빗 쉼머(멜먼 목소리), 제이다 핀켓 스미스(글로리아 목소리)",[국내] 전체 관람가 [해외] PG
브렛 뮬렌,공포,"켄드라 카렐리(아드리아나), 캐롤라인 윌리엄스(발리), 데비 로천(카를리나)",[국내] 청소년 관람불가
리들리 스콧,드라마,"크리스찬 베일(모세스), 조엘 에저튼(람세스)",[국내] 12세 관람가 [해외] PG-13
방은진,드라마,"전도연(송정연), 고수(김종배)",[국내] 15세 관람가
딘 데블로이스,애니메이션,"제이 바루첼(히컵 목소리), 아메리카 페레라(아스트리드 목소리), 케이트 블란쳇(발카 목소리)",[국내] 전체 관람가 [해외] PG
최승호,다큐멘터리,"이명박(본인), 김재철(본인), 김장겸(본인)",[국내] 15세 관람가
김봉주,액션,"손현주(고동호), 엄지원(조연수), 배성우(도재현)",[국내] 15세 관람가
저스틴 린,액션,"빈 디젤(도미닉 토레토), 폴 워커(브라이언 오코너), 드웨인 존슨(홉스)",[국내] 15세 관람가 [해외] PG-13
스티브 마티노,애니메이션,"존 레귀자모(시드 목소리), 레이 로마노(매니 목소리), 데니스 리어리(디에고 목소리)",[국내] 전체 관람가 [해외] PG
이재용,드라마,"강동원(대수), 송혜교(미라), 조성목(아름)",[국내] 12세 관람가
김홍선,범죄,"임창정(장기밀매총책_영규), 최다니엘(실종자남편_상호), 오달수(출장외과의_경재)",[국내] 청소년 관람불가
요아킴 뢰닝,판타지,"안젤리나 졸리(말레피센트), 엘르 패닝(오로라), 미셸 파이퍼(잉그리스 왕비)",[국내] 12세 관람가
김경재,드라마,"류혜린, 노진원, 안민영",[국내] 청소년 관람불가
육상효,드라마,"신하균(세하), 이광수(동구), 이솜(미현)",[국내] 12세 관람가
윤류해,드라마,"이순재(김만석), 정인기(김인섭), 김예령(이윤희)",[국내] 15세 관람가
한준희,범죄,"김혜수(엄마), 김고은(일영), 엄태구(우곤)",[국내] 청소년 관람불가
브래드 페이튼,액션,"드웨인 존슨(데이비스 오코예), 제프리 딘 모건(러셀 요원), 나오미 해리스(케이트 칼드웰 의사)",[국내] 12세 관람가 [해외] PG-13
모리 준이치,드라마,"하시모토 아이(이치코), 마츠오카 마유(키코), 미우라 타카히로(유우타)",[국내] 12세 관람가
윤종찬,드라마,"한석규(상진), 이제훈(장호), 오달수(덕생)",[국내] 15세 관람가
제임스 프랭코,드라마,"제임스 프랭코(맥스), 빈스 조리벳(브루스)",[국내] 청소년 관람불가
유하,범죄,"송강호(조상길), 이나영(차은영)",[국내] 15세 관람가
이한,드라마,"김희애(현숙), 고아성(만지), 김유정(화연)",[국내] 12세 관람가
타셈 싱,액션,"헨리 카빌(테세우스), 미키 루크(하이페리온 왕), 프리다 핀토(페드라)",[국내] 청소년 관람불가 [해외] R
심성보,드라마,"김윤석(선장 철주), 박유천(동식), 한예리(홍매)",[국내] 청소년 관람불가
게리 로스,액션,"산드라 블록(데비 오션), 케이트 블란쳇(루), 앤 해서웨이(다프네 클루거)",[국내] 12세 관람가
이연우,코미디,"박보영(영숙), 이종석(중길), 이세영(소희)",[국내] 15세 관람가
송해성,액션,"주진모(김혁), 송승헌(영춘), 김강우(김철)",[국내] 15세 관람가
니콜라스 윈터,액션,"벤 프리먼(로빈 후드), 마리 에버릿(마리온), 제임스 올리버 휘트리(주장관)",[국내] 15세 관람가
나홍진,범죄,"하정우(김구남), 김윤석(면정학), 조성하(김태원)",[국내] 청소년 관람불가
조성희,드라마,"이제훈(홍길동), 김성균(강성일)",[국내] 15세 관람가
에릭 다넬,애니메이션,"베네딕트 컴버배치(비밀요원 목소리), 존 말코비치(데이브/옥토브레인 목소리), 톰 맥그라스(스키퍼 목소리)",[국내] 전체 관람가 [해외] PG
노동석,범죄,"강동원(김건우/실리콘), 김의성(민씨), 한효주(전선영)",[국내] 15세 관람가
티무르 베크맘베토브,모험,"잭 휴스턴(벤허), 모건 프리먼(일데르임), 토비 켑벨(메살라)",[국내] 12세 관람가 [해외] PG-13
김대우,드라마,"송승헌(김진평), 임지연(종가흔), 조여정(이숙진)",[국내] 청소년 관람불가
소유붕,드라마,"왕카이(탕촨), 장로일(스홍), 임심여(천칭)",[국내] 12세 관람가
조셉 코신스키,액션,"톰 크루즈(잭 하퍼), 모건 프리먼(말콤 비치), 올가 쿠릴렌코(줄리아)",[국내] 15세 관람가
제임스 건,액션,"크리스 프랫(스타로드/피터 제이슨 퀼), 조 샐다나(가모라), 데이브 바티스타(드랙스/아서 더글라스)",[국내] 12세 관람가
스콧 제프리,공포,"조지나 제인, 마이클 오우수",[국내] 청소년 관람불가
이철하,코미디,"엄정화(미영), 박성웅(석환), 이상윤(철승)",[국내] 15세 관람가
김광빈,미스터리,"하정우(상원), 김남길(경훈), 허율(이나)",[국내] 15세 관람가
박훈정,범죄,"장동건(박재혁), 김명민(채이도), 박희순(리대범)",[국내] 청소년 관람불가
마이클 앱티드,판타지,"벤 반스(캐스피언 왕), 조지 헨리(루시 페벤시), 윌 폴터(유스터스 스크럽)",[국내] 전체 관람가 [해외] PG
벤 스타센,애니메이션,"빌리 웅거(새미), 팻 캐롤, 카를로스 맥쿨러스 2세(레이)",[국내] 전체 관람가
존 무어,액션,"브루스 윌리스(존 맥클레인), 제이 코트니(잭 맥클레인 ), 메리 엘리자베스 윈스티드(루시 맥클레인)",[국내] 15세 관람가 [해외] R
요아킴 뢰닝,판타지,"안젤리나 졸리(말레피센트), 엘르 패닝(오로라), 미셸 파이퍼(잉그리스 왕비)",[국내] 12세 관람가
리들리 스콧,SF,"마이클 패스벤더(데이빗/월터), 캐서린 워터스턴(대니엘스)",[국내] 15세 관람가
이창희,스릴러,"김상경(중식), 김강우(진한), 김희애(설희)",[국내] 15세 관람가
빌 콘돈,드라마,"크리스틴 스튜어트(벨라 스완), 로버트 패틴슨(에드워드 컬렌)",[국내] 15세 관람가 [해외] PG-13
장항준,미스터리,"강하늘(진석), 김무열(유석)",[국내] 15세 관람가
게리 쇼어,판타지,"루크 에반스(드라큘라), 도미닉 쿠퍼(술탄), 찰스 댄스(마스터 뱀파이어)",[국내] 15세 관람가 [해외] PG-13
바즈 루어만,드라마,"레오나르도 디카프리오(제이 개츠비), 캐리 멀리건(데이지 뷰캐넌), 토비 맥과이어(닉 캐러웨이)",[국내] 15세 관람가 [해외] PG-13
박인제,드라마,"최민식(변종구), 곽도원(심혁수), 심은경(박경)",[국내] 15세 관람가
홍창표,코미디,"심은경(송화옹주), 이승기(서도윤)",[국내] 12세 관람가
드자닉 파이지예브,액션,"알렉세이 세레브리아코프, 율리야 클리니나, 일리야 말라코프",[국내] 12세 관람가
허정,미스터리,"염정아(희연), 박혁권(민호)",[국내] 15세 관람가
용수,코미디,"설경구(장수), 조진웅(영기)",[국내] 15세 관람가
강형철,드라마,"디오(로기수), 자레드 그라임스(잭슨), 박혜수(양판래)",[국내] 12세 관람가
폴 앤더슨,액션,"키트 해링턴(마일로), 에밀리 브라우닝(카시아), 키퍼 서덜랜드(코르부스)",[국내] 15세 관람가 [해외] PG-13
이준익,드라마,"황정민(황정학), 차승원(이몽학), 한지혜(백지)",[국내] 15세 관람가
정지우,멜로/로맨스,"김고은(미수), 정해인(현우)",[국내] 12세 관람가
저스틴 린,액션,"크리스 파인(커크), 사이먼 페그(스코티), 조 샐다나(우후라)",[국내] 12세 관람가 [해외] PG-13
네이슨 그레노,애니메이션,"맨디 무어(라푼젤 목소리), 제커리 레비(플린 라이더 목소리)",[국내] 전체 관람가 [해외] PG
손재곤,코미디,"안재홍(강태수), 강소라(한소원), 박영규(서원장)",[국내] 12세 관람가
던칸 존스,액션,"트래비스 핌멜(안두인 로서), 벤 포스터(메디브), 폴라 패튼(가로나)",[국내] 12세 관람가 [해외] PG-13
윤준상,애니메이션,"김서영(리우 목소리), 권창욱(쿠가 목소리), 엄상현(롱키 목소리)",[국내] 전체 관람가
더글러스 맥키넌,범죄,"베네딕트 컴버배치(셜록 홈즈), 마틴 프리먼(존 왓슨)",[국내] 12세 관람가
이계벽,코미디,"차승원(철수), 엄채영(샛별), 박해준(영수)",[국내] 12세 관람가
권종관,범죄,"김명민(최필재), 김상호(권순태), 성동일(김판수)",[국내] 15세 관람가
정지우,멜로/로맨스,"박해일(이적요), 김무열(서지우), 김고은(한은교)",[국내] 청소년 관람불가
이수연,스릴러,"조진웅(승훈), 신구(정노인), 김대명(성근)",[국내] 15세 관람가
이종언,드라마,"설경구(정일), 전도연(순남)",[국내] 전체 관람가
조나단 리브스만,액션,"아론 에크하트(SSgt. 마이클 낸츠), 미셸 로드리게즈(TSgt. 엘레나 산토스), 브리짓 모이나한(미셀)",[국내] 12세 관람가 [해외] PG-13
김영탁,코미디,"차태현(강상만), 강예원(정연수), 이문수(할배 귀신)",[국내] 12세 관람가
이병헌,코미디,"이성민(석근), 신하균(봉수), 송지효(미영)",[국내] 청소년 관람불가
브래드 페이튼,액션,"드웨인 존슨(행크 파슨스), 마이클 케인(그랜드파더), 조쉬 허처슨(숀 앤더슨)",[국내] 전체 관람가 [해외] PG
피터 손,애니메이션,"레이몬드 오초아(알로 목소리), 제프리 라이트(아빠 목소리), 프란시스 맥도맨드(엄마 목소리)",[국내] 전체 관람가 [해외] PG
신태라,코미디,"강지환(차철수), 성유리(고영재), 이수혁(김선호)",[국내] 15세 관람가
정병길,액션,"김옥빈(숙희), 신하균(중상), 성준(현수)",[국내] 청소년 관람불가
곽재용,스릴러,"임수정(윤정/소은), 조정석(지환), 이진욱(건우)",[국내] 15세 관람가
카일 발다,애니메이션,"스티브 카렐(그루/드루 목소리), 크리스틴 위그(루시 와일드 목소리), 트레이 파커(발타자르 브래트 목소리)",[국내] 전체 관람가 [해외] PG
한상호,애니메이션,"이형석(점박이(아이) 목소리), 신용우(점박이(청소년) 목소리), 구자형(점박이(성인) 목소리)",[국내] 전체 관람가
던칸 존스,액션,"제이크 질렌할(콜터 스티븐스), 미셸 모나한(크리스티나 워렌)",[국내] 12세 관람가 [해외] PG-13
에릭 스벤슨,드라마,제이콥 오프테브로(찰스 브라우데),[국내] 15세 관람가
김형준,스릴러,"박희순(강선우), 박시연(김수진), 주상욱(한길로)",[국내] 청소년 관람불가
김용화,드라마,"성동일(성충수), 서교(웨이웨이)",[국내] 12세 관람가
우민호,드라마,"김명민(김과장), 염정아(강대리), 유해진(최부장)",[국내] 15세 관람가
조민호,드라마,"고아성(유관순), 김새벽(김향화), 김예은(권애라)",[국내] 12세 관람가
강윤성,액션,"김래원(장세출), 원진아(강소현), 진선규(조광춘)",[국내] 15세 관람가
김상만,스릴러,"수애(DJ, 고선영), 유지태(청취자, 한동수)",[국내] 청소년 관람불가
김광식,드라마,"김강우(우곤), 정진영(박사장), 고창석(백문)",[국내] 15세 관람가
박흥식,드라마,"송한윤, 이윤혁, 배중식",
마크 앤드류스,애니메이션,"켈리 맥도날드(메리다 공주(목소리)), 빌리 코놀리(퍼거스 왕(목소리)), 엠마 톰슨(엘리노 여왕(목소리))",[국내] 전체 관람가 [해외] PG
닐 블롬캠프,SF,"맷 데이먼(맥스 드 코스타), 조디 포스터(델라코트), 샬토 코플리(크루거)",[국내] 청소년 관람불가
홍지영,판타지,"김윤석(수현), 변요한(젊은수현), 채서진(젊은연아)",[국내] 12세 관람가
곽경택,전쟁,"김명민(이명준), 최민호(최성필), 김성철(기하륜)",[국내] 12세 관람가
스티븐 S. 드나이트,액션,"존 보예가(제이크), 스콧 이스트우드(네이트)",[국내] 15세 관람가 [해외] PG-13
렌 와이즈먼,액션,"콜린 파렐(더그 퀘이드 / 하우저), 케이트 베킨세일(로리 퀘이드), 제시카 비엘(멜리나)",[국내] 15세 관람가 [해외] PG-13
최호,액션,"이정재(최익호), 신하균(에이스), 이성민(최영호)",[국내] 15세 관람가
민규동,드라마,"주지훈(임숭재), 김강우(이 융), 천호진(임사홍)",[국내] 청소년 관람불가
김영탁,드라마,"차태현(여장부), 남상미(봉수미)",[국내] 12세 관람가
데이비드 F. 샌드버그,공포,"테레사 팔머(레베카), 앨리시아 벨라 베일리(다이애나), 가브리엘 베이트먼(마틴)",[국내] 15세 관람가 [해외] PG-13
이준익,드라마,"강하늘(윤동주), 박정민(송몽규), 김인우(고등형사)",[국내] 12세 관람가
이언희,미스터리,"엄지원(지선), 공효진(한매)",[국내] 15세 관람가
이철하,미스터리,"강예원(강수아), 이상윤(나남수), 최진호(장원장)",[국내] 청소년 관람불가
임상수,드라마,"김강우(주영작), 백윤식(윤회장), 윤여정(백금옥)",[국내] 청소년 관람불가
코린 하디,공포,"타이사 파미가(아이린 수녀), 데미안 비쉬어(버크 신부), 보니 아론스(악마 수녀)",[국내] 15세 관람가 [해외] R
제이크 캐스단,액션,"드웨인 존슨, 잭 블랙, 케빈 하트",[국내] 12세 관람가
강제규,드라마,"박근형(성칠), 윤여정(금님), 조진웅(장수)",[국내] 12세 관람가
허종호,범죄,"이선균(변호성), 김고은(진선민), 임원희(박사무장)",[국내] 15세 관람가
허진호,한국,"최민식(장영실), 한석규(세종)",[국내] 12세 관람가
톰 맥그라스,애니메이션,"윌 페렐(메가마인드 목소리), 브래드 피트(메트로 맨 목소리), 조나 힐(타이탄 목소리)",[국내] 전체 관람가 [해외] PG
강효진,범죄,"나문희(김정자), 김수미(손영희), 김혜옥(공신자)",[국내] 15세 관람가
로슨 마샬 터버,액션,"드웨인 존슨(윌 소여), 니브 캠벨(사라 소여)",[국내] 12세 관람가
김동원,액션,"비(정태훈), 유준상(이철희), 신세경(유세영)",[국내] 15세 관람가
리들리 스콧,SF,"누미 라파스(엘리자베스 쇼), 마이클 패스벤더(데이빗), 샤를리즈 테론(메레디스 비커스)",[국내] 청소년 관람불가 [해외] R
안권태,가족,"유아인(강철), 김해숙(순이)",[국내] 15세 관람가
김형준,범죄,"설경구(부검의, 강민호), 류승범(환경운동가, 이성호), 한혜진(신참 여형사, 민서영)",[국내] 청소년 관람불가
김용균,공포,"이시영(강지윤), 엄기준(이기철)",[국내] 15세 관람가
라이언 존슨,액션,"데이지 리들리(레이), 마크 해밀(루크 스카이워커), 아담 드라이버(카일로 렌)",[국내] 12세 관람가
크리스 리노드,애니메이션,"패튼 오스왈트(맥스 목소리), 케빈 하트(스노우볼 목소리), 제니 슬레이트(기젯 목소리)",[국내] 전체 관람가
딘 데블린,액션,"제라드 버틀러(제이크), 짐 스터게스(맥스), 애비 코니쉬(사라)",[국내] 12세 관람가 [해외] PG-13
로도 사야구에즈,범죄,"스티븐 랭, 매들린 그레이스, 브렌단 섹스톤",[국내] 청소년 관람불가
홍지영,멜로/로맨스,"김강우(태규), 김효진(주영), 이연희(소미)",[국내] 15세 관람가
조나단 레빈,코미디,"니콜라스 홀트(알(R)), 테레사 팔머(줄리), 존 말코비치(그리지오 장군)",[국내] 15세 관람가 [해외] PG-13
임상윤,액션,"소지섭(지형도), 이미연(유미연)",[국내] 청소년 관람불가
채드 스타헬스키,액션,키아누 리브스(존 윅),[국내] 청소년 관람불가 [해외] R
가스 제닝스,애니메이션,"매튜 맥커너히(버스터 문 목소리), 리즈 위더스푼(로지타 목소리), 스칼릿 조핸슨(애쉬 목소리)",[국내] 전체 관람가
숀 레비,모험,"벤 스틸러(래리 데일리), 로빈 윌리엄스(테디 루즈벨트), 댄 스티븐스(랜슬롯 경)",[국내] 전체 관람가 [해외] PG
송해성,드라마,"박해일(인모), 윤제문(한모), 공효진(미연)",[국내] 15세 관람가
윤준형,스릴러,"주원(장우), 유해진(민약국), 이유영(시은)",[국내] 15세 관람가
황병국,액션,"엄태웅(김성범), 주원(김호룡), 정진영(황두수)",[국내] 15세 관람가
제임스 건,액션,"크리스 프랫(스타로드/피터 제이슨 퀼), 조 샐다나(가모라), 데이브 바티스타(드랙스/아서 더글라스)",[국내] 12세 관람가
탁재훈,한국,,
이정호,미스터리,엄정화(백희수),[국내] 15세 관람가
조진모,코미디,류승범(배병우),[국내] 15세 관람가
젠디 타타코브스키,애니메이션,"아담 샌들러(드락 목소리), 셀레나 고메즈(마비스 목소리)",[국내] 전체 관람가
샘 멘데스,드라마,"조지 맥케이(스코필드), 딘-찰스 채프먼(블레이크)",[국내] 15세 관람가
장유정,멜로/로맨스,"임수정(지우), 공유(기준)",[국내] 12세 관람가
조철현,드라마,"송강호(세종대왕), 박해일(신미 스님), 전미선(소헌왕후)",[국내] 전체 관람가
박상현,드라마,"신혜선(정인), 배종옥(화자), 허준호(추시장)",[국내] 15세 관람가
프란시스 로렌스,판타지,"제니퍼 로렌스(캣니스 에버딘), 조쉬 허처슨(피타 멜라크), 리암 헴스워스(게일 호손)",[국내] 15세 관람가
제임스 맨골드,SF,휴 잭맨(울버린),[국내] 15세 관람가
이정호,스릴러,"정재영(이상현), 이성민(장억관)",[국내] 청소년 관람불가
강우석,드라마,"차승원(김정호), 유준상(흥선대원군)",[국내] 전체 관람가
레이첼 골덴버그,범죄,"벤 사이더(셜록 홈즈), 가레스 데이비드 로이드(왓슨)",[국내] 12세 관람가 [해외] PG-13
라자 고스넬,애니메이션,"크리스티나 리치(벡시 목소리), 닐 패트릭 해리스(패트릭 윈슬로우), 알란 커밍(거치 목소리)",[국내] 전체 관람가
우민호,스릴러,"김명민(주영수), 엄기준(최병철), 박주미(박민경)",[국내] 청소년 관람불가
테아 샤록,멜로/로맨스,"에밀리아 클라크(루이자), 샘 클라플린(윌)",[국내] 12세 관람가 [해외] PG-13
요네바야시 히로마사,애니메이션,"시다 미라이(아리에티 목소리), 카미키 류노스케(쇼우 목소리), 미우라 토모카즈(포드 목소리)",[국내] 전체 관람가 [해외] G
사이먼 킨버그,액션,"제임스 맥어보이(찰스 자비에 / 프로페서 X), 마이클 패스벤더(에릭 랜셔 / 매그니토), 제니퍼 로렌스(레이븐 다크홈 / 미스틱)",[국내] 12세 관람가
안톤 후쿠아,액션,"덴젤 워싱턴(샘 치좀), 크리스 프랫(조슈아 패러데이), 이병헌(빌리 락스)",[국내] 15세 관람가 [해외] PG-13
알렉스 프로야스,모험,"제라드 버틀러(세트), 니콜라이 코스터 왈도(호루스), 브렌튼 스웨이츠(백)",[국내] 12세 관람가 [해외] PG-13
조나단 리브스만,액션,"샘 워싱턴(페르세우스), 리암 니슨(제우스), 레이프 파인즈(하데스)",[국내] 12세 관람가
송일곤,멜로/로맨스,"소지섭(철민), 한효주(정화)",[국내] 15세 관람가
변성현,범죄,"설경구(한재호), 임시완(조현수)",[국내] 청소년 관람불가
정준기,한국,"조동혁, 전혜빈, 장동혁",[국내] 15세 관람가
진모영,다큐멘터리,"조병만, 강계열",[국내] 전체 관람가
토미 위르콜라,액션,"누미 라파스(카렌 셋맨), 윌렘 대포(테렌스 셋맨), 글렌 클로즈(니콜렛 케이먼)",[국내] 15세 관람가
연상호,코미디,"류승룡(신석헌), 심은경(신루미)",[국내] 15세 관람가
F. 게리 그레이,액션,"크리스 헴스워스(에이전트 H), 테사 톰슨(에이전트 M)",[국내] 12세 관람가
토니 길로이,액션,"제레미 레너(애론 크로스), 에드워드 노튼(에릭 바이어), 레이첼 와이즈(마르타 쉬어링)",[국내] 15세 관람가 [해외] PG-13
하정우,드라마,"하정우(허삼관), 하지원(허옥란)",[국내] 12세 관람가
마틴 스콜세지,드라마,"레오나르도 디카프리오(테디 다니엘스), 마크 러팔로(척 아울)",[국내] 15세 관람가 [해외] R
강효진,코미디,"엄정화(연우), 송승헌(성환)",[국내] 15세 관람가
브라이언 싱어,모험,"니콜라스 홀트(잭), 이완 맥그리거(엘몬트), 엘리너 톰린슨(이자벨 공주)",[국내] 12세 관람가 [해외] PG-13
우선호,범죄,"이범수(백현철), 류승범(안진오), 김옥빈(한동화)",[국내] 15세 관람가
존 추,드라마,"샤니 빈슨(나탈리), 릭 말람브리(루크), 애덤 G. 세바니(무스)",[국내] 12세 관람가 [해외] PG-13
최성현,코미디,"이병헌(김조하), 윤여정(주인숙), 박정민(오진태)",[국내] 12세 관람가
호세 파딜라,액션,"조엘 킨나만(알렉스 머피 / 로보캅), 사무엘 L. 잭슨(팻 노박), 게리 올드만(데넷 노튼 박사)",[국내] 12세 관람가 [해외] NR
그레타 거윅,드라마,"시얼샤 로넌(조 마치), 엠마 왓슨(멕 마치), 플로렌스 퓨(에이미 마치)",[국내] 전체 관람가 [해외] PG
장진,코미디,"조진웅(박상연), 김성균(박하연), 김영애(승자)",[국내] 12세 관람가
정용기,코미디,"정준호(박대서), 김민정(김효정), 유동근(장인태)",[국내] 15세 관람가
앤드류 스탠튼,SF,"테일러 키취(존 카터), 린 콜린스(데자 토리스), 윌렘 대포(타스 타카스)",[국내] 12세 관람가 [해외] PG-13
데이빗 예이츠,액션,"알렉산더 스카스가드(타잔/존 클레이튼), 사무엘 L. 잭슨(윌리엄스), 마고 로비(제인 포터)",[국내] 12세 관람가
권칠인,드라마,"이민정(신진아), 이정진(이재혁)",[국내] 15세 관람가
가이 리치,액션,"로버트 다우니 주니어(셜록홈즈), 주드 로(닥터 존 왓슨)",[국내] 15세 관람가 [해외] PG-13
스콧 스피어,멜로/로맨스,"라이언 구즈먼(션), 캐서린 맥코믹(에밀리)",[국내] 12세 관람가 [해외] PG-13
롤랜드 에머리히,액션,"에드 스크레인(딕 베스트), 패트릭 윌슨(레이튼), 루크 에반스(맥클러스키)",[국내] 15세 관람가 [해외] PG-13
제임스 쿨렌 브레삭,공포,"스테파니 이스터스(클레어), 잭 워드",[국내] 15세 관람가
마크 워터스,코미디,"짐 캐리(톰 팝퍼), 칼라 구기노(아만다), 안젤라 랜즈베리(미시즈 반 건디)",[국내] 전체 관람가
젠디 타타코브스키,애니메이션,"아담 샌들러(드락 목소리), 셀레나 고메즈(마비스 목소리), 케빈 제임스(프랑켄슈타인 목소리)",[국내] 전체 관람가 [해외] PG
육상효,코미디,"김인권(방가), 김정태(용철), 신현빈(장미)",[국내] 12세 관람가
이민,멜로/로맨스,[국내] 청소년 관람불가,
아야베 마야,스릴러,"타카츠키 사라, 토미테 아미, 마사키 레이야",[국내] 15세 관람가
손용호,범죄,"김상경(태수), 김성균(승현), 박성웅(강천)",[국내] 청소년 관람불가
최정열,드라마,"마동석(거석이형), 박정민(고택일), 정해인(우상필)",[국내] 15세 관람가
박영균,애니메이션,"이선(뽀로로), 이미자(크롱), 김환진(포비)",[국내] 전체 관람가
김용한,스릴러,"유선(유림), 남보라(은아), 유오성",[국내] 15세 관람가
권호영,스릴러,"지진희(부장판사, 김석현)",[국내] 15세 관람가
론 하워드,액션,"크리스 헴스워스(오웬 체이스), 킬리언 머피(매튜 조이), 벤 위쇼(허먼 멜빌)",[국내] 12세 관람가 [해외] PG-13
크리스 웨지,애니메이션,"아만다 사이프리드(MK 목소리), 조쉬 허처슨(노드 목소리), 콜린 파렐(로닌 목소리)",[국내] 전체 관람가 [해외] PG
신정원,코미디,"김수로(박선생), 강예원(찬영), 이제훈(석현)",[국내] 15세 관람가
플로리안 헨켈 폰 도너스마르크,액션,"안젤리나 졸리(엘리즈 클리프턴-워드), 조니 뎁(프랭크 투펠로)",[국내] 15세 관람가 [해외] PG-13
에드가 라이트,액션,"안셀 엘고트(베이비), 케빈 스페이시(박사), 릴리 제임스(데보라)",[국내] 15세 관람가 [해외] R
이종필,코미디,"김인권(봉남), 류현경(미애), 김수미(주하나)",[국내] 12세 관람가
샤론 맥과이어,코미디,"르네 젤위거(브리짓 존스), 콜린 퍼스(마크 다시), 패트릭 뎀시(잭 퀀트)",[국내] 15세 관람가 [해외] R
맥지,액션,"리즈 위더스푼(로렌), 크리스 파인(프랭클린(FDR)), 톰 하디(터크)",[국내] 15세 관람가 [해외] PG-13
스티븐 스필버그,모험,"다니엘 크레이그(이바노비치 사카린 / 레드 래컴), 제이미 벨(틴틴), 앤디 서키스(캡틴 하드독 / 서 프란시스 하드독)",[국내] 전체 관람가 [해외] PG
케네스 브래너,드라마,"케네스 브래너(에르큘 포와로), 페넬로페 크루즈(필라 에스트라바도스), 윌렘 대포(게르하르트 하드만)",[국내] 12세 관람가 [해외] PG-13
피에르 꼬팽,애니메이션,"스티브 카렐(그루 목소리), 미란다 코스그로브(마고 목소리)",[국내] 전체 관람가 [해외] PG
최신규,애니메이션,"이지현(차탄 목소리), 김용준(아빠 / 스톰 목소리), 양정화(장군 / 엄마 / M라인 목소리)",[국내] 전체 관람가
박현진,멜로/로맨스,"이미연(조경아), 최지우(함주란), 김주혁(정성찬)",[국내] 12세 관람가
조엘 크로포드,애니메이션,"엠마 스톤(이프 목소리), 라이언 레이놀즈(가이 목소리), 켈리 마리 트란(던 목소리)",[국내] 전체 관람가
김대웅,드라마,"유해진(귀보), 김민재(성웅), 이성경(가영)",[국내] 15세 관람가
폴 앤더슨,액션,"밀라 요보비치(앨리스), 알리 라터(클레어 레드필드), 이아인 글렌(알렉산더 박사)",[국내] 청소년 관람불가 [해외] R
임찬익,코미디,"박중훈(황재성), 이선균(정의찬)",[국내] 15세 관람가
프란시스 로렌스,판타지,"제니퍼 로렌스(캣니스 에버딘 ), 조쉬 허처슨(피타 멜라크 ), 리암 헴스워스(게일 호손 )",[국내] 15세 관람가
리 워넬,공포,"스테파니 스콧(퀸 브레너), 더모트 멀로니(션 브레너), 린 샤예(앨리스 레이니어)",[국내] 15세 관람가 [해외] PG-13
김광태,판타지,"류승룡(우룡), 이성민(촌장), 천우희(미숙)",[국내] 15세 관람가
콜린 스트로즈,SF,"에릭 벌포(제러드), 스카티 톰슨(일레인)",[국내] 12세 관람가 [해외] PG-13
김태용,드라마,"현빈(훈), 탕웨이(애나)",[국내] 15세 관람가
변혁,드라마,"박해일(장태준), 수애(오수연)",[국내] 청소년 관람불가
루퍼트 샌더스,SF,스칼릿 조핸슨(메이저),[국내] 15세 관람가 [해외] PG-13
정윤철,드라마,"이정재(토우), 여진구(광해), 김무열(곡수)",[국내] 15세 관람가
브라이언 싱어,드라마,"라미 말렉(프레디 머큐리), 루시 보인턴(메리 오스틴), 귈림 리(브라이언 메이)",[국내] 12세 관람가
김홍선,범죄,"김우빈(지혁), 김영철(조사장), 고창석(구인)",[국내] 15세 관람가
벤 스틸러,모험,"벤 스틸러(월터 미티), 크리스틴 위그(셰릴 멜호프), 숀 펜(숀 오코넬)",[국내] 12세 관람가
벤 스타센,애니메이션,"빌리 웅거(새미), 팻 캐롤, 카를로스 맥쿨러스 2세(레이)",[국내] 전체 관람가
허종호,액션,"김명민(윤겸), 김인권(성한 / 물괴 목소리), 혜리(명)",[국내] 15세 관람가
홍성호,애니메이션,"클로이 모레츠(스노우 화이트 목소리), 샘 클라플린(멀린 목소리), 지나 거손(레지나 목소리)",[국내] 전체 관람가
최국희,드라마,"유지태(철종), 이정현(희진), 이다윗(영훈)",[국내] 15세 관람가
김현석,스릴러,"정재영(우석), 최다니엘(지완), 김옥빈(영은)",[국내] 15세 관람가
데이미언 셔젤,SF,"라이언 고슬링(닐 암스트롱), 클레어 포이(자넷 암스트롱)",[국내] 12세 관람가
게리 왕,애니메이션,"유민상(블랭키 목소리), 오나미(케이프 목소리), 박지현(맥 목소리)",[국내] 전체 관람가
젠디 타타코브스키,애니메이션,"아담 샌들러(드락 목소리), 셀레나 고메즈(마비스 목소리)",[국내] 전체 관람가
프란시스 로렌스,액션,"제니퍼 로렌스(캣니스 에버딘), 조쉬 허처슨(피타 멜라크), 리암 헴스워스(게일 호손)",[국내] 15세 관람가
이지원,드라마,"한지민(백상아), 김시아(김지은), 이희준(장섭)",[국내] 15세 관람가
웨스 앤더슨,미스터리,"랄프 파인즈(M. 구스타브), 틸다 스윈튼(마담 D.), 토니 레볼로리(제로)",[국내] 15세 관람가
라자 고스넬,애니메이션,"크리스티나 리치(벡시 목소리), 닐 패트릭 해리스(패트릭 윈슬로우), 알란 커밍(거치 목소리)",[국내] 전체 관람가
애덤 윈가드,액션,"알렉산더 스카스가드(네이선 린드), 밀리 바비 브라운(매디슨 러셀)",[국내] 12세 관람가 [해외] PG-13
임순례,드라마,"김윤석(최해갑), 오연수(안봉희), 한예리(최민주)",[국내] 15세 관람가
톰 후퍼,드라마,"콜린 퍼스(조지 6세), 제프리 러쉬(라이오넬 로그), 헬레나 본햄 카터(퀸 엘리자베스)",[국내] 12세 관람가 [해외] PG-13
김태경,공포,"박보영(세희), 주원(준혁), 강별(정미)",[국내] 15세 관람가
부지영,드라마,"염정아(선희), 문정희(혜미), 김영애(순례여사)",[국내] 12세 관람가
바박 나자피,액션,"제라드 버틀러(마이크 배닝), 아론 에크하트(벤자민 아서), 모건 프리먼(스피커 트럼불)",[국내] 15세 관람가
김현호,애니메이션,"이선(뽀로로 목소리), 이미자(크롱 목소리), 김현지(에디 목소리)",[국내] 전체 관람가
댄 스캔론,애니메이션,"빌리 크리스탈(마이크 목소리), 존 굿맨(설리 목소리), 스티브 부세미(랜달 보그스 목소리)",[국내] 전체 관람가 [해외] G
권칠인,드라마,"엄정화(정신혜), 문소리(조미연), 조민수(이해영)",[국내] 청소년 관람불가
김현호,애니메이션,"이선(뽀로로 목소리), 이미자(크롱 목소리), 함수정(에디 목소리)",[국내] 전체 관람가
조쉬 분,드라마,"쉐일린 우들리(헤이즐 그레이스 랭커스터), 안셀 엘고트(어거스터스 워터스), 냇 울프(이삭)",[국내] 12세 관람가
유선동,공포,"김수로(차 선생), 황정음(은수), 윤시윤(관우)",[국내] 15세 관람가
조 카나한,액션,"리암 니슨(한니발), 브래들리 쿠퍼(멋쟁이), 제시카 비엘(Capt. 차리사 소사)",[국내] 15세 관람가 [해외] PG-13
에드워드 즈윅,액션,"톰 크루즈(잭 리처), 코비 스멀더스(수잔 터너)",[국내] 15세 관람가
데이비드 F. 샌드버그,액션,"제커리 레비(샤잠), 애셔 앤젤(빌리 뱃슨)",[국내] 12세 관람가
이현승,드라마,"송강호(두헌), 신세경(세빈)",[국내] 15세 관람가
폴 앤더슨,판타지,"올랜도 블룸(버킹엄 공작), 밀라 요보비치(밀라디 드 윈터), 로건 레먼(달타냥)",[국내] 12세 관람가 [해외] PG-13
롭 레터맨,액션,"라이언 레이놀즈(명탐정 피카츄), 저스티스 스미스(팀 굿맨)",[국내] 전체 관람가
카를로스 살다나,애니메이션,"제시 아이젠버그(블루 목소리), 앤 해서웨이(쥬엘 목소리), 저메인 클레멘트(나이젤 목소리)",[국내] 전체 관람가
짐 위노스키,공포,"마이클 매드슨, 레이첼 헌터, 립 힐리스",[국내] 15세 관람가
론 하워드,미스터리,"톰 행크스(로버트 랭던), 펠리시티 존스(시에나 브룩스), 벤 포스터(베르트랑 조브리스트)",[국내] 15세 관람가
김곡,공포,"함은정(은주), 황우슬혜(순예), 메이다니(신지)",[국내] 15세 관람가
오스카 요나손,애니메이션,[국내] 전체 관람가,
앨리스 블레하트,애니메이션,[국내] 전체 관람가,
김종현,드라마,"수애(리지원), 오달수(강대웅), 오연서(박채경)",[국내] 12세 관람가
월리 피스터,액션,"조니 뎁(윌 캐스터), 레베카 홀(에블린), 모건 프리먼(요셉 태거)",[국내] 12세 관람가 [해외] PG-13
모튼 틸덤,모험,"제니퍼 로렌스(오로라 레인), 크리스 프랫(짐 프레스턴), 마이클 쉰(아서)",[국내] 12세 관람가 [해외] PG-13
김용훈,범죄,"전도연(연희), 정우성(태영), 배성우(중만)",[국내] 청소년 관람불가
장규성,드라마,"주지훈(충녕 / 덕칠), 백윤식(황희), 변희봉(신익)",[국내] 12세 관람가
정기훈,드라마,"고수(강일), 한효주(미수)",[국내] 15세 관람가
코디 캐머런,애니메이션,"빌 헤이더(플린트 록우드 목소리), 안나 페리스(샘 스파스 목소리), 닐 패트릭 해리스(스티브 목소리)",[국내] 전체 관람가
코디 캐머런,애니메이션,"빌 헤이더(플린트 록우드 목소리), 안나 페리스(샘 스파스 목소리), 닐 패트릭 해리스(스티브 목소리)",[국내] 전체 관람가
전재홍,드라마,"윤계상(풍산), 김규리(인옥)",[국내] 청소년 관람불가
크리스 콜럼버스,SF,"아담 샌들러(샘 브레너), 케빈 제임스(윌 쿠퍼), 미셸 모나한(바이올렛 반 패튼)",[국내] 12세 관람가
김상진,코미디,"지현우(원펀치), 조한선(하이킥), 문원주(들배지기)",[국내] 15세 관람가
정연식,스릴러,"김선아(은아), 온주완(재욱), 마동석(대호)",[국내] 청소년 관람불가
밥 퍼시케티,애니메이션,"샤메익 무어(마일스 모랄레스/스파이더맨 목소리), 헤일리 스테인펠드(스파이더 그웬 목소리), 니콜라스 케이지(스파이더맨 누아르 목소리)",[국내] 12세 관람가
이원석,드라마,"한석규(돌석), 고수(공진), 박신혜(왕비)",[국내] 15세 관람가
곽경택,드라마,"권상우(남순), 정려원(동현), 마동석(범노)",[국내] 15세 관람가
모홍진,스릴러,"심은경(희주), 윤제문(대영), 김성오(기범)",[국내] 청소년 관람불가
클린트 이스트우드,드라마,"톰 행크스(체슬리 설리 설렌버거 ), 로라 리니(로리 설렌버거), 아론 에크하트(제프 스카일스)",[국내] 12세 관람가 [해외] PG-13
김주호,드라마,"조진웅(덕호), 손현주(한명회), 박희순(세조)",[국내] 12세 관람가
박희곤,드라마,"조승우(최동원), 양동근(선동열), 최정원(김서형)",[국내] 12세 관람가
클레이 케이티스,애니메이션,"신동엽(척 한국어 목소리), 신용우(레드 한국어 목소리), 정영웅(밤 한국어 목소리)",[국내] 전체 관람가
드니 빌뇌브,드라마,"에이미 아담스(루이스), 제레미 레너(이안), 포레스트 휘태커(웨버 대령)",[국내] 12세 관람가 [해외] PG-13
조규장,멜로/로맨스,"문채원(배수정), 유연석(김재현)",[국내] 15세 관람가
가렛 에드워즈,액션,"펠리시티 존스(진 어소), 디에고 루나(카시안 안도르), 매즈 미켈슨(겔렌 어소)",[국내] 12세 관람가 [해외] PG-13
김승우,스릴러,"이영애(정연), 유재명(홍경장), 박해준(명국)",[국내] 15세 관람가
안드레스 무시에티,스릴러,"빌 스카스가드(페니와이즈), 제임스 맥어보이(빌), 제시카 차스테인(베벌리)",[국내] 15세 관람가
김태윤,코미디,"이성민(주태주/모기1 목소리), 김서형(민국장/모기2 목소리), 배정남(만식)",[국내] 12세 관람가
김형협,코미디,"윤제문(원상태), 정소민(원도연)",[국내] 12세 관람가
김광식,코미디,"박중훈(동철), 정유미(세진)",[국내] 15세 관람가
카를로스 살다나,애니메이션,"제시 아이젠버그(블루 목소리), 앤 해서웨이(쥬엘 목소리), 저메인 클레멘트(나이젤 목소리)",[국내] 전체 관람가
리 워넬,공포,엘리자베스 모스(세실리아),[국내] 15세 관람가
케빈 먼로,애니메이션,"이승행(그리머 /하프스톤 목소리), 손선영(트림 목소리), 원에스더(프레야 목소리)",[국내] 전체 관람가
애덤 로비텔,액션,"테일러 러셀(조이 데이비스), 로건 밀러(벤 밀러)",[국내] 15세 관람가
김병갑,애니메이션,"조현정(신비 목소리), 김영은(하리 목소리), 김채하(두리 목소리)",[국내] 전체 관람가
D.J. 카루소,액션,"알렉스 페티퍼(존), 티모시 올리펀트(헨리), 테레사 팔머(넘버 6)",[국내] 12세 관람가 [해외] PG-13
이정범,액션,"장동건(곤), 김민희(모경)",[국내] 청소년 관람불가
아론 미르테스,공포,"레이시 하트젤(킴벌리), 테일러 노박(리바이), 앨리슨 슈럼(브룩)",[국내] 청소년 관람불가
아딜 엘 아르비,액션,"윌 스미스(마이크 로리 형사), 마틴 로렌스(마커스 버넷 형사)",[국내] 청소년 관람불가
앨리스터 그리어슨,액션,"이안 그루퍼드(칼 헐리), 리차드 록스버그(프랭크 맥기어), 라이스 웨이크필드(조쉬 맥기어)",[국내] 15세 관람가 [해외] R
손원평,미스터리,"송지효(유진), 김무열(서진)",[국내] 15세 관람가
변승욱,공포,"박민영(소연), 김동욱(준석), 김예론(희진)",[국내] 15세 관람가
사라 스미스,애니메이션,"빌 나이(산타할아버지 목소리), 제임스 맥어보이(아더 목소리), 휴 로리(스티브 목소리)",[국내] 전체 관람가 [해외] PG
정기훈,드라마,"정재영(하재관), 박보영(도라희)",[국내] 15세 관람가
폴 앤더슨,액션,밀라 요보비치(엘리스),[국내] 청소년 관람불가 [해외] R
노덕,스릴러,"조정석(허무혁), 이미숙(백국장), 이하나(수진)",[국내] 15세 관람가
박상준,액션,"이민기(이환), 박성웅(상하), 이태임(연수)",[국내] 청소년 관람불가
천성일,전쟁,"설경구(남복), 여진구(영광)",[국내] 12세 관람가
이창동,미스터리,"유아인(종수), 스티븐 연(벤), 전종서(해미)",[국내] 청소년 관람불가
J.J. 에이브럼스,액션,"데이지 리들리(레이), 아담 드라이버(카일로 렌), 존 보예가(핀)",[국내] 12세 관람가
요하네스 로버츠,공포,"소피 넬리스(미아), 시스틴 로즈 스탤론(니콜), 브리안느 쥬(알렉사)",[국내] 15세 관람가
베넷 밀러,드라마,브래드 피트(빌리 빈),[국내] 12세 관람가 [해외] PG-13
루퍼트 샌더스,판타지,"샤를리즈 테론(이블 퀸), 크리스틴 스튜어트(스노우 화이트), 크리스 헴스워스(헌츠맨)",[국내] 12세 관람가
에드워드 즈윅,액션,"톰 크루즈(잭 리처), 코비 스멀더스(수잔 터너)",[국내] 15세 관람가
이정철,가족,"달이(마음이), 성동일(혁필), 김정태(두필)",[국내] 전체 관람가
닐 블롬캠프,액션,"휴 잭맨(빈센트), 샬토 코플리(채피), 시고니 위버(미셸 브래들리)",[국내] 15세 관람가 [해외] R
존 크래신스키,스릴러,"에밀리 블런트, 킬리언 머피, 밀리센트 시몬스",[국내] 15세 관람가
최신규,애니메이션,"이지현(차탄 / 모나 한국어 목소리), 김용준(아빠 한국어 목소리), 양정화(엄마 / 장군 한국어 목소리)",[국내] 전체 관람가
앤드류 니콜,액션,"아만다 사이프리드(실비아 웨이스), 저스틴 팀버레이크(윌 살라스), 킬리언 머피(타임키퍼 레이몬드 리언)",[국내] 12세 관람가 [해외] PG-13
이성태,범죄,"박해수(이찬우), 서예지(성은영), 김상호(박기헌)",[국내] 15세 관람가
성시흡,코미디,"정재영(한정석), 한지민(유소정)",[국내] 15세 관람가
제임스 그레이,SF,브래드 피트(로이 맥브라이드),[국내] 12세 관람가
존 터틀타웁,액션,"제이슨 스타뎀(조나스 테일러), 레인 윌슨(잭 모리스)",[국내] 12세 관람가 [해외] PG-13
올리비에 메가턴,액션,"조 샐다나(카탈리아), 마이클 바턴(대니)",[국내] 15세 관람가 [해외] PG-13
로아 우타우,액션,알리시아 비칸데르(라라 크로포트),[국내] 12세 관람가
김봉한,액션,"곽도원(홍병수), 김대명(황만철), 김희원(패트릭)",[국내] 15세 관람가
마틴 스콜세지,코미디,"레오나르도 디카프리오(조단 벨포트), 조나 힐(도니 아조프), 매튜 맥커너히(마크 한나)",[국내] 청소년 관람불가
존 카니,드라마,"페리다 월시-필로(코너), 루시 보인턴(라피나), 잭 레이너(브렌든)",[국내] 15세 관람가 [해외] PG-13
최신규,애니메이션,"이지현(차탄 목소리), 김용준(차산/코어 목소리)",[국내] 전체 관람가
게리 로스,판타지,"제니퍼 로렌스(캣니스 에버딘), 조쉬 허처슨(피타 멜락), 리암 헴스워스(게일 호손)",[국내] 15세 관람가
제임스 카메론,멜로/로맨스,"레오나르도 디카프리오(잭 도슨), 케이트 윈슬렛(로즈 드윗 부카더)",[국내] 15세 관람가 [해외] PG-13
폴 그린그래스,액션,"맷 데이먼(로이 밀러), 제이슨 아이삭스(브릭스)",[국내] 15세 관람가 [해외] R
데니스 간젤,액션,"제이슨 스타뎀(비숍), 제시카 알바(지나), 토미 리 존스(아담스)",[국내] 15세 관람가 [해외] R
라인하드 클루스,애니메이션,"켈란 루츠(타잔), 스펜서 로크(제인 포터)",[국내] 전체 관람가
김지영,다큐멘터리,정우성(내레이션),[국내] 15세 관람가
후안 안토니오 바요나,드라마,"이완 맥그리거(헨리), 나오미 왓츠(마리아), 톰 홀랜드(루카스)",[국내] 12세 관람가 [해외] PG-13
박철관,코미디,"고현정(천수로), 유해진(빨간구두), 성동일(성반장)",[국내] 15세 관람가
헤 질리,애니메이션,"남도형(폴 목소리), 김소희(제시 목소리), 강은애(써니 목소리)",[국내] 전체 관람가
애스게르 레스,스릴러,"샘 워싱턴(닉 캐시디), 엘리자베스 뱅크스(리디아 머셔), 제이미 벨(조이 캐서디)",[국내] 15세 관람가 [해외] PG-13
서인영,한국,[국내] 15세 관람가,
김기덕,드라마,"조민수(미선), 이정진(강도)",[국내] 청소년 관람불가
장이머우,액션,"맷 데이먼(윌리엄), 윌렘 대포(발라드), 페드로 파스칼(페로)",[국내] 12세 관람가 [해외] PG-13
트리시 시에,드라마,"라이언 구즈먼(숀), 브리아나 에비건(앤디), 애덤 G. 세바니(무스)",[국내] 12세 관람가 [해외] PG-13
팀 버튼,멜로/로맨스,"조니 뎁(바나바스 콜린스), 에바 그린(안젤리크 보우차드), 미셸 파이퍼(엘리자베스 콜린스 스토다드)",[국내] 15세 관람가
김병우,액션,"하정우(에이헵), 이선균(윤지의)",[국내] 15세 관람가
애덤 로비텔,공포,"린 샤예(엘리스 레이니어), 스펜서 로크(멜리사 레이니어), 조쉬 스튜어트(제럴드 레이니어)",[국내] 15세 관람가 [해외] PG-13
김동욱,코미디,"유오성(백수, 김영석), 김동욱(형사, 최정민), 심은경(영석의 딸, 김하린)",[국내] 15세 관람가
로버트 저메키스,서스펜스,"브래드 피트(맥스), 마리옹 꼬띠아르(마리안), 리지 캐플란(브리짓)",[국내] 15세 관람가 [해외] R
M. 나이트 샤말란,드라마,"제임스 맥어보이(케빈/비스트/패트리샤/데니스/헤드윅/배리/제이드/오웰), 브루스 윌리스(데이빗 던), 사무엘 L. 잭슨(엘리야 프라이스/미스터 글래스)",[국내] 15세 관람가 [해외] PG-13
손재곤,코미디,"한석규(창인), 김혜수(연주)",[국내] 15세 관람가
게리 위닉,멜로/로맨스,"아만다 사이프리드(소피), 크리스토퍼 이건(찰리), 바네사 레드그레이브(클레어)",[국내] 12세 관람가 [해외] PG
라이언 존슨,SF,"조셉 고든 레빗(조), 브루스 윌리스(미래의 조), 에밀리 블런트(사라)",[국내] 청소년 관람불가 [해외] R
기예르모 델 토로,드라마,"샐리 호킨스(엘라이자 에스포지토), 마이클 섀넌(리차드 스트릭랜드), 리차드 젠킨스(자일스)",[국내] 청소년 관람불가 [해외] R
시즈노 코분,애니메이션,"타카야마 미나미(에도가와 코난), 야마자키 와카나(모리 란)",[국내] 전체 관람가
브래들리 쿠퍼,드라마,"브래들리 쿠퍼(잭슨), 레이디 가가(앨리)",[국내] 15세 관람가
장진,코미디,"김수로(이도엽), 한재석(박상길), 송영창(도호만)",[국내] 15세 관람가
강제규,드라마,"장동건(준식), 오다기리 죠(타츠오), 판빙빙(쉬라이)",[국내] 15세 관람가
조 존스톤,액션,"크리스 에반스(스티브 로저스, 캡틴 아메리카), 토미 리 존스(체스터 필립스), 휴고 위빙(요한 슈미트, 레드 스컬)",[국내] 12세 관람가 [해외] PG-13
제임스 보빈,모험,"조니 뎁(모자 장수), 앤 해서웨이(하얀 여왕), 미아 와시코브스카(앨리스)",[국내] 12세 관람가 [해외] PG
닐 나이팅게일,애니메이션,"저스틴 롱(파치 영어목소리), 찰리 로우(목소리), 앵거리 라이스(제이드 영어목소리)",[국내] 전체 관람가
폴 앤더슨,액션,"밀라 요보비치(아르테미스 대위), 토니 자(몬스터 헌터)",[국내] 12세 관람가 [해외] PG-13
이와이 슌지,드라마,나카야마 미호(후지이 이츠키/와타나베 히로코),[국내] 전체 관람가 [해외] PG
신한솔,코미디,"김수미(헬머니), 정만식(승현), 김정태(주현)",[국내] 청소년 관람불가
라세 할스트롬,판타지,"키이라 나이틀리(슈가 플럼), 매켄지 포이(클라라), 헬렌 미렌(마더 진저)",[국내] 전체 관람가 [해외] PG
제이슨 라이트맨,서스펜스,"캐리 쿤, 핀 울프하드, 맥케나 그레이스",[국내] 12세 관람가
벤 차오,애니메이션,"이제인(백설공주 목소리), 사문영(한나 목소리), 박상훈(로바 목소리)",[국내] 전체 관람가
마크 포스터,모험,"이완 맥그리거(크리스토퍼 로빈), 헤일리 앳웰(에블린 로빈), 마크 게티스(자일스 윈슬로우)",[국내] 전체 관람가 [해외] PG
마이크 트메이어,애니메이션,"존 레귀자모(시드 목소리), 레이 로마노(매니 목소리), 제니퍼 로페즈(쉬라 목소리)",[국내] 전체 관람가 [해외] PG
리차드 커티스,멜로/로맨스,"도널 글리슨(팀), 레이첼 맥아담스(메리)",[국내] 15세 관람가 [해외] R
요네바야시 히로마사,애니메이션,"스기사키 하나(메리 목소리), 카미키 류노스케(피터 목소리)",[국내] 전체 관람가 [해외] PG
존 터틀타웁,액션,니콜라스 케이지(발타자 블레이크),[국내] 전체 관람가 [해외] PG
뤽 베송,액션,"데인 드한(발레리안), 카라 델레바인(로렐린)",[국내] 12세 관람가 [해외] PG-13
해럴드 즈워트,판타지,"릴리 콜린스(클레리 프레이), 제이미 캠벨 바우어(제이스 웨이랜드), 케빈 지거스(알렉 라이트우드)",[국내] 15세 관람가 [해외] PG-13
이준익,드라마,"박정민(학수), 김고은(선미)",[국내] 15세 관람가
롤랜드 에머리히,액션,"채닝 테이텀(존 케일), 제이미 폭스(대통령 제임스 소이어), 매기 질렌할(캐롤 피너티)",[국내] 15세 관람가
야마모토 야스이치로,애니메이션,"타카야마 미나미(에도가와 코난 목소리), 야마자키 와카나(모리 란 목소리), 야마구치 캇페이(쿠도 신이치 / 괴도 키드 목소리)",[국내] 전체 관람가
제임스 완,공포,"로즈 번(리나이 램버트), 패트릭 윌슨(조쉬 램버트), 린 샤예(엘리스 레이니어)",[국내] 15세 관람가 [해외] PG-13
이성관,다큐멘터리,"박철현(선교사), 이혜영(선교사), 윤유선(내레이션)",[국내] 12세 관람가
게리 도버먼,공포,"패트릭 윌슨(에드 워렌), 베라 파미가(로랭 워렌), 맥케나 그레이스(주디 워렌)",[국내] 15세 관람가
토마스 로스,드라마,"조 우드콕(엠마 로즈), 코스모 자비스(가브리엘 레나드), 제임스 코스모(로저 다니엘스)",[국내] 청소년 관람불가
추창민,스릴러,"장동건(오영제), 류승룡(최현수), 송새벽(안승환)",[국내] 15세 관람가
D.J. 카루소,액션,"빈 디젤(샌더 케이지), 사무엘 L. 잭슨(오거스터스 기븐스), 루비 로즈(아델 울프)",[국내] 15세 관람가 [해외] PG-13
심형래,코미디,"심형래(영구), 하비 케이틀(돈 카리니), 마이클 리스폴리(토니 5세)",[국내] 12세 관람가 [해외] PG-13
아쿠 로히미스,드라마,에로 아호(로카),[국내] 15세 관람가
엄태화,드라마,"강동원(성민), 신은수(수린), 이효제(어린 성민)",[국내] 12세 관람가
커첸넨,드라마,"진연비, 리우 쥬 촨, 김현빈",[국내] 청소년 관람불가
타카하시 시게하루,애니메이션,"박경혜(민호), 김현지(지바냥), 홍범기(위스퍼)",[국내] 전체 관람가
카를로스 살다나,애니메이션,존 시나(페르디난드 목소리),[국내] 전체 관람가 [해외] PG
이환경,드라마,"차태현(승호), 유오성(윤조교사), 박하선(윤희)",[국내] 12세 관람가
요하네스 로버츠,공포,"소피 넬리스(미아), 시스틴 로즈 스탤론(니콜), 브리안느 쥬(알렉사)",[국내] 15세 관람가
M. 나이트 샤말란,SF,"윌 스미스(사이퍼 레이지), 제이든 스미스(키타이 레이지), 조 크라비츠",[국내] 12세 관람가 [해외] PG-13
임진순,액션,"마동석(역기철), 김새론(강유진)",[국내] 15세 관람가
김병곤,멜로/로맨스,"김하늘(지은이), 장근석(강인호)",[국내] 12세 관람가
마시에이 피에프르지카,드라마,"데이비드 가드너(마테우스), 도로타 코락(마테우스의 엄마), 카타르지나 자와츠카(마그다)",[국내] 15세 관람가
쏘어 프류덴탈,모험,"로건 레먼(퍼시 잭슨), 알렉산드라 다드다리오(아나베스 체이스), 브랜든 T. 잭슨(그로버 언더우드)",[국내] 12세 관람가
박흥식,드라마,"한효주(정소율), 유연석(김윤우), 천우희(서연희)",[국내] 15세 관람가
시즈노 코분,애니메이션,"김선혜(코난 한국어 목소리), 강수진(남도일 한국어 목소리), 이정구(유명한 한국어 목소리)",[국내] 12세 관람가
데이빗 핀처,드라마,"제시 아이젠버그(마크 주커버그), 앤드류 가필드(왈도 세브린), 저스틴 팀버레이크(숀 파크)",[국내] 15세 관람가 [해외] PG-13
안상훈,드라마,"신하균(김민재), 장혁(이방원), 강한나(가희)",[국내] 청소년 관람불가
임필성,멜로/로맨스,"정우성(학규), 이솜(덕이), 박소영(청이)",[국내] 청소년 관람불가
조원희,코미디,"마동석(장수), 김영광(태진), 이유영(현지)",[국내] 12세 관람가
우시지마 신이치로,애니메이션,"타카스기 마히로(나 목소리), 린(사쿠라 목소리)",[국내] 12세 관람가
닉 브루노,애니메이션,"윌 스미스(랜스 목소리), 톰 홀랜드(월터 목소리)",[국내] 전체 관람가 [해외] PG
개빈 후드,SF,"해리슨 포드(하이럼 그라프 대령), 에이사 버터필드(엔더 위긴), 벤 킹슬리(메이저 래컴)",[국내] 12세 관람가
야기 류이치,애니메이션,"윤아영(도라에몽 한국어 목소리), 김정아(진구 한국어 목소리), 김혜성(성인 진구 한국어 목소리)",[국내] 전체 관람가
존 라세터,애니메이션,"오웬 윌슨(라이트닝 맥퀸 목소리), 마이클 케인(핀 맥미사일 목소리)",[국내] 전체 관람가 [해외] G
스콧 모지어,애니메이션,"베네딕트 컴버배치(그린치 목소리), 퍼렐 윌리엄스(내레이션)",[국내] 전체 관람가
라이언 머피,드라마,줄리아 로버츠(리즈 길버트),[국내] 15세 관람가 [해외] PG-13
이환경,드라마,"정우(대권), 오달수(의식), 김희원(김실장)",[국내] 12세 관람가
스티브 맥퀸,드라마,"치웨텔 에지오포(솔로몬 노섭), 마이클 패스벤더(에드윈 엡스), 베네딕트 컴버배치(포드)",[국내] 15세 관람가 [해외] R
피터 패럴리,드라마,"비고 모텐슨(토니 발레롱가), 마허샬라 알리(돈 셜리 박사)",[국내] 12세 관람가 [해외] PG-13
저스틴 덱,공포,"엘리자베스 라일(퀸 해리스), 피터 파시넬리(설리번 박사), 탈리타 베이트먼(조단 해리스)",[국내] 15세 관람가
알렉세이 트시칠린,애니메이션,"벨라 손(겔다 목소리), 샬토 코플리(올름 목소리)",[국내] 전체 관람가
J.J. 에이브럼스,미스터리,"조엘 코트니(조 램), 카일 챈들러(잭슨 램), 엘르 패닝(앨리스 데인나드)",[국내] 12세 관람가 [해외] PG-13
아담 맥케이,드라마,"크리스찬 베일(마이클 버리), 스티브 카렐(마크 바움), 라이언 고슬링(자레드 베넷)",[국내] 청소년 관람불가
이원석,멜로/로맨스,"이시영(최보나), 오정세(이승재), 박영규(Dr.스왈스키)",[국내] 15세 관람가
창감독,드라마,"윤여정(계춘), 김고은(혜지)",[국내] 15세 관람가
브라이언 피,애니메이션,"오웬 윌슨(라이트닝 맥퀸 목소리), 크리스텔라 알론조(크루즈 라미레즈 목소리), 아미 해머(잭슨 스톰 목소리)",[국내] 전체 관람가 [해외] G
허인무,드라마,"나문희(말순), 김수안(공주)",[국내] 전체 관람가
댄 스캔론,판타지,"톰 홀랜드(이안 라이트풋 목소리), 크리스 프랫(발리 라이트풋 목소리), 줄리아 루이스 드레이퍼스(로렐 라이트풋 목소리)",[국내] 전체 관람가
데오도르 멜피,드라마,"타라지 P. 헨슨(캐서린 존슨), 옥타비아 스펜서(도로시 본), 자넬 모네(메리 잭슨)",[국내] 12세 관람가
김진영,멜로/로맨스,"진세연(박영희), 홍종현(한철수), 신정근(한달식)",[국내] 15세 관람가
신근호,코미디,"임창정(신용불량 강력계 형사, 방극현), 엄지원(카드사 채권팀 사원, 김무령)",[국내] 15세 관람가
홍의정,범죄,"유아인(태인), 유재명(창복), 문승아(초희)",[국내] 15세 관람가
캐시 얀,액션,마고 로비(할리 퀸),[국내] 15세 관람가
믹키 리델,드라마,"헤일리 베넷, 제이크 웨버",[국내] 15세 관람가 [해외] PG-13
로슨 마샬 터버,액션,"드웨인 존슨, 라이언 레이놀즈, 갤 가돗",[국내] 15세 관람가
세딕 니콜라스 트로얀,액션,"크리스 헴스워스(에릭), 샤를리즈 테론(이블 퀸), 에밀리 블런트(아이스 퀸)",[국내] 12세 관람가 [해외] PG-13
김태윤,드라마,"박철민(상구), 윤유선(정임), 김규리(난주)",[국내] 12세 관람가
이호재,드라마,"이성민(해관 (아버지)), 이희준(진호), 이하늬(지연)",[국내] 12세 관람가
정승구,코미디,"송새벽(동식), 성동일(혀고수), 이병준(이회장)",[국내] 15세 관람가
데이빗 핀처,스릴러,"다니엘 크레이그(미카엘 블롬크비스트), 루니 마라(리스베트 살란데르)",[국내] 청소년 관람불가 [해외] R
프랭키 첸,멜로/로맨스,"왕대륙(장즈수), 임윤(위안샹친)",[국내] 12세 관람가
양우석,드라마,"정우성(한 대통령), 곽도원(호위총국장), 유연석(북 위원장)",[국내] 15세 관람가
패티 젠킨스,액션,"갤 가돗(다이애나/원더우먼), 크리스 파인(스티브 트레버), 크리스틴 위그(치타/바바라 미네르바)",[국내] 12세 관람가
박제현,코미디,"하지원(진옥), 강예원(홍단), 가인(가비)",[국내] 12세 관람가
천성준,멜로/로맨스,[국내] 청소년 관람불가,
김달중,드라마,"김명민(주만호), 안성기(박성일), 고아라(유지원)",[국내] 12세 관람가
크리스토퍼 랜던,공포,"제시카 로테(트리 겔브먼), 이스라엘 브로우사드(카터 데이비스), 피 부(라이언)",[국내] 15세 관람가
베티 토마스,애니메이션,"제이슨 리(데이브), 저스틴 롱(앨빈 목소리), 매튜 그레이 구블러(사이몬 목소리)",[국내] 전체 관람가 [해외] PG
이윤정,멜로/로맨스,"정우성(연석원), 김하늘(김진영)",[국내] 15세 관람가
김성호,공포,"성준(동욱), 이수혁(성균), 백진희(강지은)",[국내] 15세 관람가
릴리 워쇼스키,SF,"톰 행크스(닥터 헨리 구즈 / 아이작 / 자크리), 휴 그랜트(덴홀름 / 코나족), 할리 베리(부족사람/ 에어스의 아내 /루이자 레이 / 의사 / 메로님 / 메로님(노인))",[국내] 청소년 관람불가 [해외] R
조셉 코신스키,액션,"제프 브리지스(케빈 플린 / 크루 2.0), 가렛 헤드룬드(샘 플린), 올리비아 와일드(쿠오라)",[해외] PG
조근현,드라마,"정우(흥부), 김주혁(조혁), 정진영(조항리)",[국내] 12세 관람가
제임스 매더,SF,"가이 피어스(스노우), 매기 그레이스(에밀 워녹), 조셉 길건(하이델)",[국내] 15세 관람가 [해외] PG-13
가이 리치,액션,"찰리 허냄(아서 왕), 주드 로(보티건)",[국내] 12세 관람가 [해외] PG-13
시즈노 코분,애니메이션,"타카야마 미나미(에도가와 코난 목소리), 야마자키 와카나(모리 란 목소리), 코야마 리키야(모리 코고로 목소리)",[국내] 12세 관람가
박흥식,액션,"이병헌(유백), 전도연(월소), 김고은(홍이)",[국내] 15세 관람가
제이슨 윌리엄 리,범죄,발테르 스카스가드,[국내] 청소년 관람불가
유학찬,한국,"이수근, 은지원, 김종민",[국내] 15세 관람가
서극,미스터리,"유덕화(적인걸), 양가휘(사타충), 리빙빙(정아)",[국내] 12세 관람가 [해외] PG-13
트래비스 나이트,액션,"헤일리 스테인펠드(찰리 왓슨), 존 시나(번스 요원)",[국내] 12세 관람가
김홍선,스릴러,"백윤식(심덕수), 성동일(박평달)",[국내] 15세 관람가
데이브 그린,액션,"메간 폭스(에이프릴 오닐), 스티븐 아멜(케이시 존스), 로라 리니(레베카 빈센트)",[국내] 12세 관람가 [해외] PG-13
유성엽,드라마,"김해숙(엄마), 박진희(지숙)",[국내] 전체 관람가
양경모,범죄,"임시완(민재), 진구(석구), 박병은(지원)",[국내] 15세 관람가
프랭키 첸,멜로/로맨스,"송운화(린전신), 왕대륙(쉬타이위), 이옥새(오우양)",[국내] 15세 관람가
로베르트 슈벤트케,액션,"쉐일린 우들리(트리스), 테오 제임스(포), 마일즈 텔러(피터)",[국내] 12세 관람가 [해외] PG-13
시즈노 코분,애니메이션,"김선혜(코난 목소리), 강수진(남도일 목소리), 신용우(괴도키드 목소리)",[국내] 전체 관람가
이안,액션,윌 스미스(헨리 / 주니어),[국내] 12세 관람가
이현종,코미디,"김아중(윤진숙), 주원(이호태)",[국내] 12세 관람가
피터 레페니오티스,애니메이션,"윌 아넷(설리 목소리), 캐서린 헤이글(앤디 목소리), 리암 니슨(라쿤 목소리)",[국내] 전체 관람가
마이크 미첼,애니메이션,"저스틴 롱(앨빈 목소리), 제이슨 리(데이브), 매튜 그레이 구블러(사이먼 목소리)",[국내] 전체 관람가 [해외] G
도미닉 세나,모험,"니콜라스 케이지(베이맨), 론 펄먼(펠슨)",[국내] 15세 관람가 [해외] PG-13
토니 스콧,액션,"덴젤 워싱턴(프랭크 반즈), 크리스 파인(윌 콜슨)",[국내] 12세 관람가 [해외] PG-13
시즈노 코분,애니메이션,"타카야마 미나미, 야마자키 와카나, 코야마 리키야",[국내] 12세 관람가
박인제,드라마,"황정민(이방우), 진구(윤혁), 김민희(성효관)",[국내] 15세 관람가
오승욱,멜로/로맨스,"전도연(김혜경), 김남길(정재곤), 박성웅(박준길)",[국내] 청소년 관람불가
백동훈,드라마,"김정은(장은), 진구(성찬), 왕지혜(진수)",[국내] 전체 관람가
이도윤,범죄,"지성(현태), 주지훈(인철), 이광수(민수)",[국내] 청소년 관람불가
홍헌표,애니메이션,"소연(나찬 목소리), 신용우(에반 목소리), 윤아영(류 목소리)",[국내] 전체 관람가
크리스 벅,애니메이션,"크리스틴 벨(안나 목소리), 이디나 멘젤(엘사 목소리)",[국내] 전체 관람가
RM,공연실황,[국내] 전체 관람가,
사이먼 웨스트,액션,"실베스터 스탤론(바니 로스), 제이슨 스타뎀(리 크리스마스), 브루스 윌리스(미스터 처치)",[국내] 15세 관람가 [해외] R
션 빙햄,공포,"로리 커밍스, 렛 터렐",[국내] 15세 관람가
마크 오스본,애니메이션,"제프 브리지스(조종사 목소리), 레이첼 맥아담스(엄마 목소리), 매켄지 포이(소녀 목소리)",[국내] 전체 관람가
더그 라이만,범죄,"톰 크루즈(배리 씰), 도널 글리슨(몬티 쉐퍼), 사라 라이트(루시 씰)",[국내] 15세 관람가
이덕희,느와르,"임창정(창수), 안내상(도석), 정성화(상태)",[국내] 청소년 관람불가
김대승,드라마,"유승호(환희), 고아라(청명)",[국내] 12세 관람가
최신규,애니메이션,"김서영(트리케라 목소리), 엄상현(티라노 목소리), 안현서(나용찬 목소리)",[국내] 전체 관람가
오윤동,공연실황,김호중,[국내] 전체 관람가
켈리 애스버리,애니메이션,"맨디 파틴킨(파파 스머프 목소리), 데미 로바토(스머페트 목소리), 레인 윌슨(가가멜 목소리)",[국내] 전체 관람가 [해외] PG
유야마 쿠니히코,모험,"마츠모토 리카(사토시 목소리), 오오타니 이쿠에(피카츄 목소리)",[국내] 전체 관람가
윌리엄 유뱅크,스릴러,"크리스틴 스튜어트(노라), 뱅상 카셀(캡틴), T.J. 밀러(파울)",[국내] 15세 관람가 [해외] PG-13
이승무,액션,"장동건(양), 제프리 러쉬(론), 케이트 보스워스(린)",[국내] 15세 관람가 [해외] R
마이클 도허티,액션,"밀리 바비 브라운(매디슨 러셀), 베라 파미가(엠마 러셀), 카일 챈들러(마크 러셀)",[국내] 12세 관람가 [해외] PG-13
오치아이 마사유키,공포,"사사키 노조미(유이), 아오야기 쇼(나오토)",[국내] 15세 관람가
캘런 브런커,애니메이션,"윌 아넷(설리 목소리), 캐서린 헤이글(앤디 목소리), 성룡(미스터 펭 목소리)",[국내] 전체 관람가 [해외] PG
김진무,드라마,김인권(주철호),[국내] 15세 관람가
도로타 코비엘라,애니메이션,"더글러스 부스(아르망 룰랭), 시얼샤 로넌(마르그리트 가셰), 제롬 플린(닥터 가셰)",[국내] 15세 관람가 [해외] PG-13
이인항,액션,"장쯔이(서영), 오경(방오주), 정백연",[국내] 15세 관람가
이드손 오다,드라마,"빌 스카스가드, 재지 비츠",[국내] 12세 관람가
고어 버빈스키,애니메이션,조니 뎁(랭고 목소리),[국내] 전체 관람가 [해외] PG
조쉬 트랭크,액션,"마일즈 텔러(리드 리차드 / 미스터 판타스틱), 케이트 마라(수잔 스톰 / 인비서블 우먼), 마이클 B. 조던(조니 스톰 / 휴먼 토치)",[국내] 12세 관람가
마이클 패트릭 킹,코미디,"사라 제시카 파커(캐리 브래드쇼), 킴 캐트럴(사만다 존스), 크리스틴 데이비스(샬롯 요크)",[국내] 청소년 관람불가 [해외] R
정우철,멜로/로맨스,"임창정(유상열), 김규리(신소연)",[국내] 15세 관람가
타치카와 유즈루,애니메이션,"타카야마 미나미(에도가와 코난 일본어 목소리), 야마자키 와카나(모리 란 일본어 목소리), 코야마 리키야(모리 코고로 일본어 목소리)",[국내] 12세 관람가
윌 글럭,애니메이션,"제임스 코든(피터 래빗 목소리), 도널 글리슨(제레미 피셔 / 토마스 맥그리거), 로즈 번(비 / 제미마 퍼들덕)",[국내] 전체 관람가 [해외] PG
벤 스타센,애니메이션,[국내] 전체 관람가,
조용선,드라마,"서인국(원일), 이종석(우상), 유리(정은)",[국내] 15세 관람가
패트릭 휴즈,액션,"실베스터 스탤론(바니 로스), 제이슨 스타뎀(리 크리스마스), 안토니오 반데라스(가르고)",[국내] 15세 관람가
김봉한,드라마,"손현주(성진), 장혁(규남)",[국내] 15세 관람가
김동빈,미스터리,"박한별(소희), 김지석(석호), 박진주(인정)",[국내] 15세 관람가
김정환,멜로/로맨스,"한예슬(구홍실), 송중기(천지웅)",[국내] 15세 관람가
한상호,애니메이션,"박희순(점박이 목소리), 라미란(송곳니 목소리), 김성균(싸이 목소리)",[국내] 전체 관람가
댄 트라첸버그,미스터리,"메리 엘리자베스 윈스티드(미셸), 존 굿맨(하워드), 존 갤러거 주니어(에밋)",[국내] 15세 관람가
샘 테일러 존슨,드라마,"제이미 도넌(크리스찬 그레이), 다코타 존슨(아나스타샤 스틸), 루크 그림즈(엘리엇 그레이)",[국내] 청소년 관람불가
이해준,드라마,"설경구(성근), 박해일(태식)",[국내] 15세 관람가
박준수,다큐멘터리,"RM(본인), 진(본인), 슈가(본인)",[국내] 전체 관람가
박영균,애니메이션,"이선(뽀로로 목소리), 이미자(크롱 목소리), 함수정(에디 목소리)",[국내] 전체 관람가
저스틴 커젤,액션,"마이클 패스벤더(칼럼 린치/아귈라), 마리옹 꼬띠아르(소피아 라이킨), 제레미 아이언스(앨런 라이킨)",[국내] 15세 관람가 [해외] PG-13
김성제,드라마,"윤계상(진원), 유해진(대석), 김옥빈(수경)",[국내] 15세 관람가
샘 레이미,판타지,"제임스 프랭코(오스카), 미쉘 윌리엄스(글린다), 레이첼 와이즈(에바노라)",[국내] 전체 관람가 [해외] PG
조쉬 트랭크,드라마,"데인 드한(앤드류 디트머), 알렉스 러셀(맷 게레티), 마이클 B. 조던(스티브 몽고메리)",[국내] 15세 관람가 [해외] PG-13
이원태,드라마,"조진웅(김창수), 송승헌(강형식)",[국내] 12세 관람가
조성희,멜로/로맨스,"송중기(늑대소년), 박보영(순이)",[국내] 15세 관람가
조지 놀피,멜로/로맨스,"맷 데이먼(데이빗 노리스), 에밀리 블런트(엘리즈 셀라스)",[국내] 12세 관람가 [해외] PG-13
롭 민코프,애니메이션,"타이 버렐(Mr. 피바디 목소리), 맥스 찰스(셔먼 목소리), 아리엘 윈터(페니 피터슨 목소리)",[국내] 전체 관람가
루크 이브,멜로/로맨스,"브렌튼 스웨이츠, 릴리 설리반, 조엘 잭슨",[국내] 12세 관람가
문제용,드라마,"이민기(류승민), 여진구(이수명)",[국내] 15세 관람가
피터 잭슨,판타지,"마틴 프리먼(빌보 배긴스), 이안 맥켈런(간달프), 리처드 아미티지(소린 오큰실드)",[국내] 12세 관람가
타일러 새비지,스릴러,크리스틴 고,[국내] 15세 관람가
정식,스릴러,"고수(이석진/최승만), 김주혁(남도진), 문성근(윤영환 변호사)",[국내] 15세 관람가
로브 라이너,멜로/로맨스,"매들린 캐롤(줄리 베이커), 캘런 맥오리피(브라이스 로스키)",[국내] 12세 관람가 [해외] PG
카란 조하르,드라마,"샤룩 칸(리즈완 칸), 까졸(만디라 칸)",[국내] 12세 관람가 [해외] PG-13
피에르 모렐,액션,"존 트라볼타(찰리 왁스), 조나단 리스 마이어스(제임스 리스)",[국내] 청소년 관람불가 [해외] R
정세교,코미디,"나문희(오문희), 이희준(두원)",[국내] 12세 관람가
클린트 이스트우드,액션,"브래들리 쿠퍼(크리스 카일), 시에나 밀러(타야), 제이크 맥더맨",[국내] 청소년 관람불가 [해외] R
릭 로먼 워,액션,"제라드 버틀러, 모레나 바카린",[국내] 12세 관람가
닐 마샬,액션,"데이빗 하버(헬보이), 밀라 요보비치(피의 여왕 니무에)",[국내] 청소년 관람불가 [해외] R
팀 버튼,가족,"콜린 파렐(홀트 패리어), 마이클 키튼(V. A. 반데비어), 대니 드비토(맥스 메디치)",[국내] 전체 관람가
후메이,액션,"주윤발(공자), 저우쉰(남자), 젠빈천(계손사)",[국내] 12세 관람가
시즈노 코분,애니메이션,"타카야마 미나미(에도가와 코난), 히다카 노리코(세라 마스미)",[국내] 12세 관람가
티무르 베크맘베토브,액션,"벤자민 워커(애브라함 링컨), 도미닉 쿠퍼(헨리 스터게스), 메리 엘리자베스 윈스티드(메리 토드 링컨)",[국내] 청소년 관람불가 [해외] R
장진,느와르,"차승원(윤지욱), 오정세(허곤), 이솜(장미)",[국내] 청소년 관람불가
고어 버빈스키,액션,"조니 뎁(톤토), 아미 해머(론 레인저), 헬레나 본햄 카터(레드)",[국내] 15세 관람가
이해영,미스터리,"박보영(주란), 엄지원(교장), 박소담(연덕)",[국내] 15세 관람가
캐서린 하드윅,드라마,"아만다 사이프리드(발레리), 게리 올드만(솔로몬 신부)",[국내] 15세 관람가 [해외] PG-13
정용기,코미디,"김주혁(유석), 이시영(나리), 이윤지(애연)",[국내] 15세 관람가
알렉세이 트시칠린,애니메이션,"박지윤(겔다 목소리), 엄상현(올름 목소리), 남도형(로렌 목소리)",[국내] 전체 관람가
쉬 후이 징,다큐멘터리,[국내] 전체 관람가,
라나 워쇼스키,SF,"밀라 쿠니스(주피터 존스), 채닝 테이텀(케인), 숀 빈(스팅어)",[국내] 12세 관람가
스콧 스피어,멜로/로맨스,"벨라 손(케이티), 패트릭 슈왈제네거(찰리)",[국내] 12세 관람가 [해외] PG-13
박준수,한국,"RM(본인), 진(본인), 슈가(본인)",[국내] 전체 관람가
야마자키 다카시,애니메이션,"이장원(나키 목소리), 엄상현(군조 목소리), 김서영(코타케 목소리)",[국내] 전체 관람가
신재호,액션,"임창정(이정진), 최다니엘(조유민)",[국내] 15세 관람가
제프 와드로,공포,"루시 헤일(올리비아), 타일러 포시(루카스), 바이올렛 빈(마키)",[국내] 15세 관람가 [해외] PG-13
토드 헤인즈,드라마,"케이트 블란쳇(캐롤 에어드), 루니 마라(테레즈), 카일 챈들러(하지 에어드)",[국내] 청소년 관람불가 [해외] R
마이크 플래너건,공포,"엘리자베스 리저(앨리스 잰더), 애너리즈 바쏘(리나 잰더), 룰루 윌슨(도리스 잰더)",[국내] 12세 관람가 [해외] PG-13
그렉 티어난,애니메이션,"오스카 아이삭(고메즈), 샤를리즈 테론(모티시아), 클로이 모레츠(웬즈데이)",[국내] 전체 관람가
우디 앨런,코미디,"오웬 윌슨(길), 마리옹 꼬띠아르(아드리아나), 레이첼 맥아담스(이네즈)",[국내] 15세 관람가 [해외] PG-13
잭 스나이더,애니메이션,"휴고 위빙(녹터스 / 그림블 목소리), 짐 스터게스(소렌 목소리), 라이언 콴튼(클러드 목소리)",[국내] 전체 관람가 [해외] PG
존 리 행콕,드라마,산드라 블록(리 앤 투오이),[국내] 12세 관람가 [해외] PG-13
하기호,멜로/로맨스,"윤계상(정훈), 한예리(시후), 박병은(준석)",[국내] 청소년 관람불가
데이빗 보워스,애니메이션,"프레디 하이모어(아톰 목소리), 크리스틴 벨(코라 목소리), 니콜라스 케이지(텐마 박사 목소리)",[국내] 전체 관람가 [해외] PG
미셸 공드리,멜로/로맨스,"짐 캐리(조엘), 케이트 윈슬렛(클레멘타인), 커스틴 던스트(매리)",[국내] 15세 관람가 [해외] R
대니 보일,드라마,"히메쉬 파텔(잭 말릭), 릴리 제임스(엘리 애플턴)",[국내] 12세 관람가 [해외] PG-13
션 빙햄,공포,"로리 커밍스, 렛 터렐",[국내] 15세 관람가
벤 패터슨,공포,"젬마 할로 딘, 라이언 길크스",[국내] 15세 관람가
폴 킹,코미디,"벤 위쇼(패딩턴 목소리), 휴 그랜트(피닉스 뷰캐넌), 샐리 호킨스(매리 브라운)",[국내] 전체 관람가 [해외] PG
민규동,드라마,"김희애(문정숙 사장), 김해숙(배정길 할머니)",[국내] 12세 관람가
김윤석,드라마,"염정아(영주), 김소진(미희), 김혜준(주리)",[국내] 15세 관람가
타카하시 시게하루,애니메이션,"박경혜(민호 한국어 목소리), 홍범기(위스퍼 한국어 목소리), 김현지(지바냥 한국어 목소리)",[국내] 전체 관람가
야마모토 야스이치로,애니메이션,"타카야마 미나미(에도가와 코난), 야마자키 와카나(모리 란)",[국내] 12세 관람가 [해외] NR
폴 티비트,애니메이션,"전태열(스폰지밥), 이인성(뚱이), 안토니오 반데라스",[국내] 전체 관람가
김곡,공포,"임슬옹(이생), 경수진(수진), 박정민(동근)",[국내] 15세 관람가
브래드 퍼맨,범죄,"매튜 맥커너히(믹 할러), 마리사 토메이(매기 맥퍼슨), 라이언 필립(루이스 루레)",[국내] 15세 관람가 [해외] R
남대중,코미디,"류덕환(고환), 김동영(남준), 안재홍(갑덕)",[국내] 15세 관람가
니콜라스 스톨러,애니메이션,"앤디 샘버그(주니어 목소리), 케이티 크라운(튤립 목소리), 켈시 그래머(헌터 목소리)",[국내] 전체 관람가 [해외] PG
롭 마샬,판타지,"메릴 스트립(마녀), 조니 뎁(늑대), 에밀리 블런트(베이커 부인)",[국내] 전체 관람가 [해외] PG
박범수,멜로/로맨스,"윤계상(정우), 고준희(은수)",[국내] 15세 관람가
토마스 맥카시,드라마,"마크 러팔로(마이크 레젠데스), 레이첼 맥아담스(샤샤 파이퍼), 마이클 키튼(월터 로빈슨)",[국내] 15세 관람가 [해외] R
케네스 브래너,액션,"크리스 파인(잭 라이언), 키이라 나이틀리(캐시 라이언), 케빈 코스트너(윌리엄 하퍼)",[국내] 12세 관람가
크리스토퍼 스펜서,드라마,"디오고 모르가도(예수 그리스도), 세바스찬 냅(요한), 다윈 쇼(베드로)",[국내] 12세 관람가 [해외] PG-13
빌 콘돈,판타지,"엠마 왓슨(벨), 댄 스티븐스(야수/왕자), 루크 에반스(개스톤)",[국내] 전체 관람가 [해외] PG
방수인,드라마,"이순재(덕구할배), 정지훈(덕구)",[국내] 전체 관람가
로버트 루케틱,액션,"애쉬튼 커쳐(스펜서 에이미스), 캐서린 헤이글(젠 콘펠트)",[국내] 15세 관람가 [해외] PG-13
김태균,드라마,"박희순(김원광), 고창석(박인기)",[국내] 전체 관람가
스티븐 쿼일,공포,"니콜라스 디아고스토(샘 로턴), 엠마 벨(몰리), 토니 토드(블러드워스)",[국내] 청소년 관람불가 [해외] R
정지영,드라마,"박원상(김종태), 이경영(이두한)",[국내] 15세 관람가
시기노 아키라,애니메이션,"야지마 아키코(노하라 신노스케 목소리), 나라하시 미키(노하라 미사에 목소리), 후지와라 케이지(노하라 히로시 목소리)",[국내] 전체 관람가
크리스 콜럼버스,판타지,"다니엘 래드클리프(해리 포터), 루퍼트 그린트(론 위즐리), 엠마 왓슨(헤르미온느)",[국내] 전체 관람가 [해외] PG
알렉상드르 헤보얀,애니메이션,"조슈아 J. 발라드(뮨), 오마 사이(소혼), 트레버 드볼(소혼)",[국내] 전체 관람가
남대중,코미디,"준호(허색), 정소민(해원), 최귀화(육갑)",[국내] 15세 관람가
크리스찬 리버스,액션,"헤라 힐마(헤스터 쇼), 로버트 시한(톰 내츠워디), 휴고 위빙(테데우스 발렌타인)",[국내] 12세 관람가
에릭슨 코어,액션,"루크 브레이시(조니 유타), 에드가 라미레즈(보디), 테레사 팔머(삼사라)",[국내] 15세 관람가
허인무,드라마,"윤은혜(유민), 박한별(혜지), 차예련(수진)",[국내] 15세 관람가
홍승완,드라마,"문소리(재판장 김준겸), 박형식(권남우)",[국내] 12세 관람가
민규동,드라마,"배종옥(김인희), 김갑수(정철), 김지영(할머니)",[국내] 15세 관람가
호소다 마모루,애니메이션,"미야자키 아오이(하나 목소리), 오오사와 타카오(그(늑대인간) 목소리), 쿠로키 하루(유키 목소리)",[국내] 전체 관람가
자움 콜렛 세라,액션,"리암 니슨(지미), 조엘 킨나만(마이클), 에드 해리스(숀)",[국내] 청소년 관람불가
자움 콜렛 세라,액션,"리암 니슨(마이클 맥콜리), 베라 파미가(조안나)",[국내] 15세 관람가 [해외] PG-13
쿠엔틴 타란티노,드라마,"레오나르도 디카프리오(릭 달튼), 브래드 피트(클리프 부스), 마고 로비(샤론 테이트)",[국내] 청소년 관람불가
이두환,공포,"류덕환(야광), 조복래(박PD)",[국내] 15세 관람가
이정범,드라마,"이선균(조필호), 전소니(미나), 박해준(권태주)",[국내] 청소년 관람불가
김진영,멜로/로맨스,"박하선(동주), 윤상현(신홍)",[국내] 12세 관람가
정익환,드라마,"최강희(강미나), 봉태규(최강호)",[국내] 전체 관람가
로버츠 개너웨이,애니메이션,"데인 쿡(더스티 목소리), 줄리 보웬(릴 디퍼 목소리), 에드 해리스(블레이드 레인저 목소리)",[국내] 전체 관람가 [해외] PG
이종필,드라마,"류승룡(신재효), 수지(진채선), 송새벽(김세종)",[국내] 12세 관람가
폴 킹,코미디,"벤 위쇼(패딩턴 목소리), 휴 그랜트(피닉스 뷰캐넌), 샐리 호킨스(매리 브라운)",[국내] 전체 관람가 [해외] PG
조명남,드라마,"손병호(강철인 중사), 임원희(왕종팔 하사), 이아이(이유미 하사)",[국내] 12세 관람가
수 차오핑,액션,"정우성(지앙), 양자경(정징), 서희원",[국내] 15세 관람가
크리스티안 디터,멜로/로맨스,"릴리 콜린스(로지 던), 샘 클라플린(알렉스 스튜어트)",[국내] 15세 관람가
아리 산델,판타지,"웬디 맥렌던 커비(케이시), 매디슨 아이스먼(세라), 제레미 레이 테일러(소니)",[국내] 12세 관람가
성룡,모험,"성룡(JC), 권상우(사이먼)",[국내] 12세 관람가
오토 바서스트,모험,"태런 에저튼(로빈 후드), 제이미 폭스(리틀 존), 벤 멘델슨(노팅엄 주 장관)",[국내] 12세 관람가 [해외] PG-13
로버트 페르난데스,애니메이션,"존 라이스 데이비스, 벤 프라이스",[국내] 전체 관람가
윌 핀,애니메이션,"박지윤(도로시 한국어 목소리), 김하영(공주 한국어 목소리), 신용우(제스터 한국어 목소리)",[국내] 전체 관람가 [해외] PG
스튜어트 베티,액션,"아론 에크하트(아담), 빌 나이(나베리우스), 미란다 오토(레오노르)",[국내] 12세 관람가 [해외] PG-13
로베르트 슈벤트케,SF,"쉐일린 우들리(트리스), 테오 제임스(포), 케이트 윈슬렛(제닌)",[국내] 15세 관람가 [해외] PG-13
크리스 리노드,애니메이션,"대니 드비토(로렉스 목소리), 잭 에프론(테드 위긴스 목소리), 에드 헬름스(윈슬러 목소리)",[국내] 전체 관람가 [해외] PG
타카하시 와타루,애니메이션,"박영남(짱구 목소리), 강희선(짱구 엄마/맹구 목소리), 김환진(짱구 아빠 목소리)",[국내] 전체 관람가
박지완,드라마,"김혜수(현수), 이정은(순천댁), 노정의(세진)",[국내] 12세 관람가
월트 베커,애니메이션,"저스틴 롱(앨빈 목소리), 제이슨 리(데이브), 매튜 그레이 구블러(사이먼 목소리)",[국내] 전체 관람가 [해외] PG
토미 위르콜라,액션,"제레미 레너(헨젤), 젬마 아터튼(그레텔), 팜케 얀센(뮤리엘)",[국내] 청소년 관람불가 [해외] R
이민재,코미디,"정재영(준걸), 김남길(민걸), 엄지원(남주)",[국내] 12세 관람가
필 존스턴,애니메이션,"존 C. 라일리(랄프 목소리), 사라 실버맨(바넬로피 목소리), 제인 린치(칼훈 목소리)",[국내] 전체 관람가 [해외] PG
린 사우더랜드,애니메이션,"사문영(엘라 목소리), 김혜성(알렉스 목소리), 남도형(매니 목소리)",[국내] 전체 관람가
최윤석,애니메이션,"멜라니 그리피스(타이라(다이노맘) 목소리), 제인 린치(수(엄마) 목소리), 윌리암 볼드윈(사르코형제 목소리)",[국내] 전체 관람가 [해외] PG
존 허즈펠드,액션,실베스터 스탤론(레이 브레슬린),[국내] 청소년 관람불가
앤드류 하얏트,드라마,"제임스 폴크너(바울), 제임스 카비젤(누가)",[국내] 15세 관람가 [해외] PG-13
이반 라이트만,코미디,"나탈리 포트만(엠마), 애쉬튼 커쳐(아담)",[국내] 청소년 관람불가 [해외] R
권형진,스릴러,"마동석(성철), 조한선(준식), 김민경(소연)",[국내] 청소년 관람불가
브래드 버드,모험,"조지 클루니(프랭크 워커), 휴 로리(데이비드 닉스), 브릿 로버트슨(케이시 뉴튼)",[국내] 12세 관람가
유야마 쿠니히코,애니메이션,오오타니 이쿠에(피카츄 목소리),[국내] 전체 관람가
니키 카로,모험,유역비(뮬란),[국내] 12세 관람가
조 존스톤,공포,"베니시오 델 토로(로렌스 탤봇), 안소니 홉킨스(존 탤봇), 에밀리 블런트(그웬 컨리프)",[국내] 청소년 관람불가 [해외] R
폴 페이그,멜로/로맨스,"에밀리아 클라크(케이트), 헨리 골딩(톰)",[국내] 12세 관람가
스티븐 스필버그,드라마,"톰 행크스(제임스 도노반), 마크 라이런스(루돌프 아벨), 오스틴 스토웰(프렌시스 게리 파워스)",[국내] 12세 관람가 [해외] PG-13
다니엘 시아,코미디,"다니엘 헤니(샘), 엘리자 쿠프(아만다), 빌 팩스톤(도날드)",[국내] 12세 관람가
해럴드 즈워트,액션,"제이든 스미스(드레), 성룡(Mr. 한)",[국내] 12세 관람가 [해외] PG
김성호,드라마,"이레(지소), 이지원(채랑), 홍은택(지석)",[국내] 전체 관람가
딘 이스라엘리트,SF,"조니 웨스턴(데이비드), 소피아 블랙 디엘리아(제시), 샘 러너(퀸 골드버그)",[국내] 15세 관람가
닉힐 아드바니,애니메이션,"캐리 엘위스(술탄 / 벌 지휘관 목소리), 크리스토퍼 로이드(피존 목소리), 제인 린치(여성 플라밍고 목소리)",[국내] 전체 관람가 [해외] PG
님로드 앤탈,SF,"애드리언 브로디(로이스), 앨리스 브라가(이사벨)",[국내] 15세 관람가 [해외] R
오키우라 히로유키,애니메이션,"미야마 카렌(모모), 유카(이쿠코 미야우라)",[국내] 전체 관람가
라인하드 클루스,애니메이션,"제임스 코든(빌리 목소리), 짐 브로드벤트(윈스턴 목소리), 빌리 비치",[국내] 전체 관람가
존 파브로,액션,"다니엘 크레이그(제이크), 해리슨 포드(달러하이드 대령), 올리비아 와일드(엘라)",[국내] 15세 관람가 [해외] PG-13
하정우,코미디,"정경호(마준규), 한수현(한기범 기장)",[국내] 15세 관람가
마이클 그레이시,드라마,"휴 잭맨(P.T. 바넘), 잭 에프론(필립 칼라일), 미셸 윌리엄스(채러티 바넘)",[국내] 12세 관람가 [해외] PG
쿠엔틴 타란티노,드라마,"제이미 폭스(장고), 크리스토프 왈츠(닥터 킹 슐츠), 레오나르도 디카프리오(캘빈 캔디)",[국내] 청소년 관람불가
프란시스 아난,모험,"다니엘 래드클리프(팀), 다니엘 웨버(스티븐)",[국내] 12세 관람가
로버트 렌스,애니메이션,"양정화(눈의 여왕 한국어 목소리), 박지윤(겔다 한국어 목소리), 임채헌(헤럴드 한국어 목소리)",[국내] 전체 관람가
기옘 모랄레스,미스터리,"벨렌 루에다(줄리아 / 사라), 루이스 호마르(이삭), 파블로 데르키(이반)",[국내] 청소년 관람불가
롭 마샬,판타지,"에밀리 블런트(메리 포핀스), 린-마누엘 미란다(잭), 벤 위쇼(마이클 뱅크스)",[국내] 전체 관람가 [해외] PG
마크 A.Z. 디페,애니메이션,"드레이크 벨(파이 목소리), 앤디 딕(딜런 목소리)",[국내] 전체 관람가 [해외] PG
김제영,멜로/로맨스,"김민정(희주), 천정명(영수)",[국내] 15세 관람가
올리버 스톤,드라마,"샤이아 라보프(제이콥 무어), 마이클 더글라스(고든 게코), 캐리 멀리건(위니 게코)",[국내] 12세 관람가 [해외] PG-13
변영규,애니메이션,"조현정(신비 목소리), 양정화(금비 목소리), 김영은(하리 목소리)",[국내] 전체 관람가
낸시 마이어스,코미디,"메릴 스트립(이혼녀, 제인), 스티브 마틴(건축가, 아담), 알렉 볼드윈(제인의 전남편, 제이크)",[국내] 청소년 관람불가 [해외] R
쿠스바 코조,애니메이션,"미즈타 와사비(도라에몽 목소리), 오오하라 메구미(노비타 목소리), 카카즈 유미(시즈카 목소리)",[국내] 전체 관람가
트래비스 클러프,스릴러,"바트 존슨, 트래비스 클러프",[국내] 청소년 관람불가
나가오카 치카,애니메이션,"타카야마 미나미, 야마자키 와카나, 코야마 리키야",[국내] 12세 관람가
유야마 쿠니히코,애니메이션,"마츠모토 리카(사토시 목소리), 오오타니 이쿠에(피카츄 목소리), 미즈키 나나(빅티니 목소리)",[국내] 전체 관람가
타무라 코타로,애니메이션,"나카가와 타이시(츠네오), 키요하라 카야(조제)",[국내] 12세 관람가
정진영,미스터리,"조진웅(박형구), 배수빈(김수혁), 정해균(정해균)",[국내] 15세 관람가
김상협,드라마,"송윤아(한승희), 정준호(문태주), 문정희(서지은)",[국내] 15세 관람가
유야마 쿠니히코,애니메이션,"마츠모토 리카(사토시), 오오타니 이쿠에(피카츄)",[국내] 전체 관람가
최재훈,액션,"장혁(태율), 김현수(태옥), 조 타슬림(구루타이)",[국내] 15세 관람가
봉준호,드라마,"송강호(기택), 이선균(동익), 조여정(연교)",[국내] 15세 관람가
제이 로치,드라마,"샤를리즈 테론(메긴 켈리), 니콜 키드먼(그레천 칼슨), 마고 로비(케일라 포스피실)",[국내] 15세 관람가 [해외] R
제임스 맨골드,액션,"맷 데이먼(캐롤 셸비), 크리스찬 베일(켄 마일스)",[국내] 12세 관람가
구수환,다큐멘터리,"이금희(나레이션), 이태석(본인)",[국내] 전체 관람가
크리스토퍼 놀란,액션,"레오나르도 디카프리오(코브), 와타나베 켄(사이토), 조셉 고든 레빗(아서)",[국내] 12세 관람가 [해외] PG-13
전수경,공연실황,"임영웅, 영탁, 이찬원",[국내] 전체 관람가
유야마 쿠니히코,애니메이션,"오오타니 이쿠에(피카츄), 마츠모토 리카, 미야노 마모루",[국내] 전체 관람가
셀린 시아마,드라마,"아델 에넬(엘로이즈), 노에미 메를랑(마리안느), 루아나 바야미(소피)",[국내] 15세 관람가
라이언 존슨,미스터리,"다니엘 크레이그(브누아 블랑), 크리스 에반스(랜섬), 아나 디 아르마스(마르타)",[국내] 12세 관람가
가이 리치,모험,"메나 마수드(알라딘), 윌 스미스(지니), 나오미 스콧(자스민)",[국내] 전체 관람가 [해외] PG
월트 도른,애니메이션,"안나 켄드릭, 저스틴 팀버레이크",[국내] 전체 관람가 [해외] PG
박준수,다큐멘터리,"RM(본인), 진(본인), 슈가(본인)",[국내] 전체 관람가
토드 헤인즈,드라마,"마크 러팔로(롭 빌럿), 앤 해서웨이(사라), 팀 로빈스(톰 터프)",[국내] 12세 관람가 [해외] PG-13
토니 밴크로프트,애니메이션,"존 크래신스키(오웬 목소리), 에밀리 블런트(조이 목소리), 대니 드비토(체스터필드 목소리)",[국내] 전체 관람가
데릭 보트,스릴러,"러셀 크로우(더 맨), 카렌 피스토리우스(레이첼), 가브리엘 베이트먼(카일)",[국내] 청소년 관람불가
하시모토 마사카즈,애니메이션,"박영남(짱구 목소리), 김환진(짱구 아빠 목소리), 강희선(짱구 엄마 목소리)",[국내] 전체 관람가
브라이언 커크,범죄,"채드윅 보스만(안드레 데이비스), J.K. 시몬스(맥케나), 시에나 밀러(프랭키 번스)",[국내] 15세 관람가
타이카 와이티티,코미디,"스칼릿 조핸슨(로지), 로만 그리핀 데이비스(조조), 타이카 와이티티(상상 속 친구 '히틀러')",[국내] 12세 관람가 [해외] PG-13
윌리엄 유뱅크,스릴러,"크리스틴 스튜어트(노라), 뱅상 카셀(캡틴), T.J. 밀러(파울)",[국내] 15세 관람가 [해외] PG-13
제프 파울러,애니메이션,"제임스 마스던, 짐 캐리, 벤 슈와츠",
천카이거,드라마,"장국영(두지), 공리(주샨), 장풍의(시투)",[국내] 15세 관람가 [해외] R
조슬예,스릴러,"신민아(이영), 이유영(수진)",[국내] 15세 관람가
조경훈,공포,"문남숙(예지 목소리), 장민혁(지훈 목소리), 조현정(시술사 목소리)",[국내] 15세 관람가
신정원,코미디,"이정현(소희), 김성오(만길), 서영희(세라)",[국내] 15세 관람가
데이미언 셔젤,드라마,"라이언 고슬링(세바스찬), 엠마 스톤(미아)",[국내] 12세 관람가 [해외] PG-13
우디 앨런,멜로/로맨스,"티모시 샬라메(개츠비), 엘르 패닝(애슐리), 셀레나 고메즈(챈)",[국내] 15세 관람가
유야마 쿠니히코,애니메이션,"이선호(지우 한국어 목소리), 홍시호(뮤츠 한국어 목소리)",[국내] 전체 관람가
최종태,드라마,"이경훈(수환), 이항나(수환어머니), 안내상(수환아버지)",[국내] 12세 관람가
루퍼트 굴드,드라마,르네 젤위거(주디 갈란드),[국내] 12세 관람가 [해외] PG-13
주동,멜로/로맨스,"송운화(린린), 송위룡(팡위커)",[국내] 12세 관람가
스도 토모노리,애니메이션,"스기야마 노리아키(에미야 시로 목소리), 시타야 노리코(마토 사쿠라 목소리)",[국내] 15세 관람가
톰 하퍼,드라마,"펠리시티 존스(어밀리아), 에디 레드메인(제임스)",[국내] 12세 관람가 [해외] PG-13
조정래,드라마,"이봉근(학규), 이유리(간난), 김하연(청이)",[국내] 12세 관람가
김경원,범죄,"주지훈, 박성웅, 최성은",
엽위신,액션,"견자단(엽문), 스콧 앳킨스(바턴 게디즈), 진국곤(이소룡)",[국내] 12세 관람가
증국상,멜로/로맨스,"주동우(첸니엔), 이양천새(샤오 베이)",[국내] 15세 관람가
이영준,애니메이션,"신용우(얀/맥스 목소리), 엄상현(볼트/디노 목소리), 이소영(루시 목소리)",[국내] 전체 관람가
가더 가츠테루-우루샤,SF,이반 마사구에(고렝),[국내] 청소년 관람불가
윤은경,공포,"이세영(유미), 박지영(경선), 박효주(이예린)",[국내] 15세 관람가
신우,애니메이션,"정의한(빅샤크 목소리), 원에스더(꾸꾸 목소리)",[국내] 전체 관람가
니콜라스 베도스,코미디,"다니엘 오떼유(빅토르), 기욤 까네(앙투안), 도리아 틸리에(마고)",[국내] 15세 관람가
조쉬 분,액션,"메이지 윌리암스(레인), 안야 테일러 조이(일리야나), 찰리 히튼(샘)",[국내] 15세 관람가
알폰소 쿠아론,판타지,"다니엘 래드클리프(해리 포터), 엠마 왓슨(헤르미온느), 루퍼트 그린트(론 위즐리)",[국내] 전체 관람가 [해외] PG
벤 스타센,애니메이션,"심규혁(렉스 목소리), 김리흔(아기 렉스 목소리), 엄상현(잭 목소리)",[국내] 전체 관람가
피터 시걸,액션,"데이브 바티스타(JJ), 클로에 콜맨(소피)",[국내] 12세 관람가 [해외] PG-13
니샤 가나트라,코미디,"다코타 존슨(매기), 트레시 엘리스 로스(그레이스)",[국내] 12세 관람가
데이미언 셔젤,드라마,"마일즈 텔러(앤드류), J.K. 시몬스(플레쳐)",[국내] 15세 관람가 [해외] R
이시다테 타이치,애니메이션,"이시카와 유이(바이올렛 에버가든 목소리), 나미카와 다이스케(길베르트 부겐빌리아 목소리)",[국내] 전체 관람가
이영준,애니메이션,[국내] 전체 관람가,
올레 말라므,애니메이션,"사문영(밀라 목소리), 남도형(루슬란 목소리), 서반석(레스터 목소리)",[국내] 전체 관람가
크리스토퍼 랜던,코미디,"빈스 본, 캐서린 뉴튼",[국내] 15세 관람가
신카이 마코토,애니메이션,"심규혁(호다카), 김유림(히나), 최한(스가)",[국내] 15세 관람가
로버트 렌스,애니메이션,"양정화(눈의 여왕 한국어 목소리), 박지윤(겔다 한국어 목소리), 임채헌(헤럴드 한국어 목소리)",[국내] 전체 관람가
크리스토퍼 놀란,액션,"크리스찬 베일(브루스 웨인/배트맨), 히스 레저(조커), 아론 에크하트(하비 덴트/투 페이스)",[국내] 15세 관람가 [해외] PG-13
